"Date","Anger","Anticipation","Disgust","Fear","Joy","Sadness","Surprise","Trust","Negative","Positive","y"
"2008-08-08",13,7,7,15,2,9,4,8,20,9,0
"2008-08-11",6,6,2,11,5,4,5,7,11,11,1
"2008-08-12",10,3,1,8,3,8,3,5,14,11,0
"2008-08-13",8,4,2,12,4,7,2,11,15,15,0
"2008-08-14",10,12,2,12,7,9,6,12,16,19,1
"2008-08-15",12,4,3,15,6,7,3,11,17,12,1
"2008-08-18",8,4,5,12,2,6,2,5,18,10,0
"2008-08-19",4,3,0,11,4,4,4,7,7,11,0
"2008-08-20",6,8,3,10,4,5,4,11,13,14,1
"2008-08-21",13,4,7,10,5,4,2,14,19,16,1
"2008-08-22",6,4,4,12,4,5,3,14,15,13,1
"2008-08-25",16,8,4,16,7,10,5,10,21,18,0
"2008-08-26",8,5,2,13,4,6,3,13,14,7,1
"2008-08-27",6,2,1,14,3,8,2,11,13,12,1
"2008-08-28",9,7,4,15,6,6,3,5,17,13,1
"2008-08-29",8,7,5,14,3,5,2,9,16,11,0
"2008-09-02",19,12,7,21,1,16,7,8,24,15,0
"2008-09-03",4,8,4,7,3,5,2,11,14,15,1
"2008-09-04",9,6,2,10,6,7,3,11,14,15,0
"2008-09-05",8,11,0,13,6,7,4,11,16,14,1
"2008-09-08",5,4,1,10,4,3,3,7,13,13,1
"2008-09-09",12,7,4,13,6,9,4,15,17,18,0
"2008-09-10",7,3,4,9,2,10,4,10,14,11,1
"2008-09-11",7,3,1,10,2,6,4,6,9,8,1
"2008-09-12",8,5,3,9,2,4,6,12,16,13,0
"2008-09-15",16,7,6,18,4,11,6,16,25,16,0
"2008-09-16",13,5,4,19,4,9,3,9,21,15,1
"2008-09-17",4,2,0,8,1,3,0,5,11,5,0
"2008-09-18",11,3,3,10,2,5,2,8,14,10,1
"2008-09-19",8,2,4,11,3,10,3,6,18,11,1
"2008-09-22",6,6,6,13,3,9,4,8,18,10,0
"2008-09-23",11,11,3,8,4,4,3,8,12,13,0
"2008-09-24",11,7,5,16,6,9,6,11,21,13,0
"2008-09-25",2,4,1,8,3,2,2,5,8,7,1
"2008-09-26",9,8,4,14,3,7,6,9,15,13,1
"2008-09-29",15,7,5,19,6,11,5,10,20,12,0
"2008-09-30",3,6,3,6,4,5,1,7,10,13,1
"2008-10-01",16,5,4,17,8,12,2,12,22,20,0
"2008-10-02",6,7,2,9,4,7,4,15,13,16,0
"2008-10-03",6,2,2,10,2,3,3,4,17,9,0
"2008-10-06",7,8,7,15,7,11,6,11,17,11,0
"2008-10-07",3,7,1,9,3,2,1,4,12,11,0
"2008-10-08",12,6,7,16,5,10,5,9,23,14,0
"2008-10-09",13,7,10,22,5,12,2,17,23,21,0
"2008-10-10",8,4,3,11,2,9,2,5,17,9,0
"2008-10-13",5,8,4,5,6,6,7,6,13,12,1
"2008-10-14",10,4,7,12,4,9,2,14,15,15,0
"2008-10-15",13,11,7,17,5,10,5,8,21,14,0
"2008-10-16",6,9,4,12,5,6,3,16,15,16,1
"2008-10-17",6,10,3,16,7,9,4,9,17,21,0
"2008-10-20",10,11,4,14,4,10,2,9,22,9,1
"2008-10-21",10,10,4,18,5,9,3,13,19,17,0
"2008-10-22",12,3,5,11,5,7,5,12,18,13,0
"2008-10-23",11,8,5,17,5,13,5,13,25,15,1
"2008-10-24",7,10,5,13,8,7,4,12,17,14,0
"2008-10-27",13,8,6,16,6,11,4,12,26,16,0
"2008-10-28",6,5,4,11,3,3,4,5,15,9,1
"2008-10-29",9,10,9,14,6,10,7,7,19,15,0
"2008-10-30",11,6,8,20,3,8,2,12,22,14,1
"2008-10-31",9,6,5,13,5,8,2,9,18,10,1
"2008-11-03",13,5,8,23,1,13,2,11,29,9,0
"2008-11-04",7,4,4,11,3,4,3,9,12,13,1
"2008-11-05",7,10,5,11,10,7,4,11,17,18,0
"2008-11-06",9,6,7,10,2,9,1,7,17,10,0
"2008-11-07",9,5,6,13,2,7,1,5,18,9,1
"2008-11-10",10,6,5,11,5,8,2,7,17,12,0
"2008-11-11",11,6,4,14,4,7,3,11,21,16,0
"2008-11-12",17,7,4,17,4,14,2,8,25,19,0
"2008-11-13",10,12,6,10,9,7,3,15,16,19,1
"2008-11-14",6,4,3,11,3,6,2,7,15,12,0
"2008-11-17",8,7,3,9,4,4,2,7,16,8,0
"2008-11-18",10,12,5,14,8,8,2,11,26,15,1
"2008-11-19",3,8,4,8,7,3,5,5,10,14,0
"2008-11-20",3,5,2,6,5,5,3,11,11,17,0
"2008-11-21",12,9,5,15,7,10,8,11,17,15,1
"2008-11-24",9,3,6,13,5,7,3,15,22,18,1
"2008-11-25",12,2,5,14,3,10,5,6,21,12,1
"2008-11-26",5,2,4,7,3,6,4,5,11,8,1
"2008-11-28",9,6,5,13,6,8,3,12,21,15,1
"2008-12-01",10,6,4,12,2,5,3,9,12,9,0
"2008-12-02",11,9,4,14,3,7,4,15,19,15,1
"2008-12-03",20,7,10,22,7,15,7,13,30,20,1
"2008-12-04",11,9,8,17,10,12,5,13,21,14,0
"2008-12-05",9,8,7,11,4,5,6,11,16,13,1
"2008-12-08",7,2,3,10,2,6,3,4,14,11,1
"2008-12-09",17,10,11,26,6,18,6,12,35,13,0
"2008-12-10",11,4,7,17,8,12,5,14,24,23,1
"2008-12-11",7,10,3,16,5,11,7,12,21,22,0
"2008-12-12",17,7,9,24,4,13,9,9,29,12,1
"2008-12-15",5,4,1,12,1,4,2,12,10,15,0
"2008-12-16",12,6,5,17,5,15,3,7,26,13,1
"2008-12-17",10,8,6,15,2,11,2,7,19,13,0
"2008-12-18",10,4,5,13,4,9,3,8,19,8,0
"2008-12-19",11,10,6,12,5,9,5,11,18,11,0
"2008-12-22",12,10,4,21,2,7,6,11,28,16,0
"2008-12-23",13,10,3,10,7,11,6,12,19,15,0
"2008-12-24",11,7,2,10,5,8,6,10,14,14,1
"2008-12-26",12,4,5,14,4,9,2,9,21,11,1
"2008-12-29",11,7,6,14,1,9,4,10,19,15,0
"2008-12-30",16,10,8,18,7,8,8,18,29,15,1
"2008-12-31",9,6,6,11,3,8,3,12,15,15,1
"2009-01-02",6,4,1,9,3,2,0,10,11,8,1
"2009-01-05",13,7,7,15,3,8,4,11,16,16,0
"2009-01-06",6,7,4,8,6,5,3,10,16,16,1
"2009-01-07",14,7,3,10,4,8,3,12,20,12,0
"2009-01-08",9,5,4,15,3,12,2,8,19,11,0
"2009-01-09",7,7,0,8,4,3,1,9,13,10,0
"2009-01-12",10,7,5,13,6,11,3,10,16,17,0
"2009-01-13",10,13,6,13,3,8,4,9,22,13,0
"2009-01-14",14,7,10,15,5,16,5,10,24,19,0
"2009-01-15",4,6,4,9,5,2,4,13,14,14,1
"2009-01-16",12,5,6,17,3,11,2,11,22,13,1
"2009-01-20",14,12,8,14,4,10,3,8,23,13,0
"2009-01-21",13,8,4,15,4,14,5,10,20,17,1
"2009-01-22",9,8,4,15,4,7,4,9,18,17,0
"2009-01-23",17,5,8,14,3,10,3,10,24,13,0
"2009-01-26",12,7,8,13,4,15,5,12,23,14,1
"2009-01-27",6,7,3,10,8,4,2,15,14,18,1
"2009-01-28",9,7,6,11,2,7,6,15,18,18,1
"2009-01-29",9,5,5,10,6,8,2,11,13,22,0
"2009-01-30",4,4,6,10,5,8,2,13,19,13,0
"2009-02-02",11,10,7,14,0,6,2,8,19,14,0
"2009-02-03",10,4,3,14,3,6,2,10,16,18,1
"2009-02-04",8,6,4,10,2,6,1,11,13,17,0
"2009-02-05",10,10,3,15,6,5,4,13,14,21,1
"2009-02-06",14,6,5,20,3,9,0,16,23,18,1
"2009-02-09",11,6,5,18,1,11,6,6,25,11,0
"2009-02-10",11,7,5,18,6,8,3,10,16,18,0
"2009-02-11",16,9,8,22,4,14,7,12,28,14,1
"2009-02-12",6,4,3,11,3,6,1,9,13,12,0
"2009-02-13",8,4,5,13,3,7,2,12,21,11,0
"2009-02-17",10,7,10,18,5,11,4,12,21,13,0
"2009-02-18",12,5,5,16,2,9,3,8,19,11,1
"2009-02-19",12,8,5,11,3,8,3,7,19,12,0
"2009-02-20",10,4,6,12,2,8,3,10,19,7,0
"2009-02-23",9,9,7,10,7,12,4,11,17,17,0
"2009-02-24",15,15,7,18,9,15,6,19,34,24,1
"2009-02-25",12,9,4,19,8,12,5,13,22,19,0
"2009-02-26",9,7,4,16,4,5,2,14,19,15,0
"2009-02-27",11,9,3,18,5,8,6,17,18,20,0
"2009-03-02",9,4,4,15,4,9,4,9,20,15,0
"2009-03-03",8,8,3,12,3,8,3,10,14,15,0
"2009-03-04",12,2,5,17,2,11,2,9,22,12,1
"2009-03-05",13,5,9,20,7,16,4,17,27,24,0
"2009-03-06",11,9,8,19,3,10,6,14,22,16,1
"2009-03-09",13,11,3,14,6,9,4,19,17,22,0
"2009-03-10",11,6,5,14,4,6,2,8,14,9,1
"2009-03-11",14,6,6,15,0,12,6,9,19,10,1
"2009-03-12",16,5,9,19,3,12,4,10,23,20,1
"2009-03-13",8,3,3,10,4,7,2,4,13,9,1
"2009-03-16",11,10,3,15,7,11,6,18,22,19,0
"2009-03-17",9,9,6,17,6,7,5,11,23,18,1
"2009-03-18",10,5,6,15,5,9,1,11,16,15,1
"2009-03-19",9,11,2,14,7,11,2,14,18,12,0
"2009-03-20",13,9,5,16,5,8,4,14,27,13,0
"2009-03-23",12,7,2,10,6,11,4,14,18,14,1
"2009-03-24",21,10,10,22,11,18,8,18,30,21,0
"2009-03-25",17,17,11,23,7,15,4,14,32,21,1
"2009-03-26",12,7,8,15,6,7,2,15,20,21,1
"2009-03-27",7,9,5,7,6,5,4,14,12,18,0
"2009-03-30",10,7,3,14,4,10,3,9,16,18,0
"2009-03-31",9,11,6,10,4,5,1,14,15,16,1
"2009-04-01",11,7,2,9,6,5,4,11,15,13,1
"2009-04-02",16,7,6,13,5,8,7,9,23,14,1
"2009-04-03",9,9,2,13,6,8,4,12,19,13,1
"2009-04-06",10,6,7,12,3,5,3,14,21,14,0
"2009-04-07",11,9,4,15,3,8,6,15,24,18,0
"2009-04-08",6,9,3,13,5,7,6,12,16,19,1
"2009-04-09",15,8,7,23,3,15,5,14,27,19,1
"2009-04-13",7,3,6,12,4,10,2,10,14,20,0
"2009-04-14",10,9,5,18,1,8,6,8,18,18,0
"2009-04-15",8,8,3,10,5,3,4,13,16,19,1
"2009-04-16",10,8,8,19,3,13,4,11,23,9,1
"2009-04-17",16,13,9,20,6,15,5,9,25,14,1
"2009-04-20",15,13,6,14,8,11,4,19,19,24,0
"2009-04-21",9,7,6,15,6,11,3,12,18,15,1
"2009-04-22",3,6,2,7,8,6,4,14,9,22,0
"2009-04-23",16,8,7,23,6,11,1,16,25,19,1
"2009-04-24",9,14,5,16,10,11,7,15,20,25,1
"2009-04-27",3,6,3,11,1,8,2,8,17,9,0
"2009-04-28",9,11,5,13,5,6,6,13,19,18,0
"2009-04-29",14,14,8,21,6,9,6,14,21,21,1
"2009-04-30",12,1,2,14,4,3,1,10,23,9,0
"2009-05-01",15,8,6,24,6,12,7,19,31,25,1
"2009-05-04",15,16,9,22,8,17,6,16,28,16,1
"2009-05-05",13,9,7,18,6,5,4,10,27,20,0
"2009-05-06",15,6,4,20,2,9,4,7,24,10,1
"2009-05-07",8,5,4,10,5,4,6,16,13,16,0
"2009-05-08",10,12,7,19,8,14,6,12,25,19,1
"2009-05-11",15,7,7,17,8,10,7,16,30,23,0
"2009-05-12",10,8,7,20,9,6,10,19,19,18,1
"2009-05-13",16,7,9,20,5,12,5,20,25,19,0
"2009-05-14",7,7,8,14,1,10,1,5,23,8,1
"2009-05-15",9,8,2,11,9,7,3,13,22,16,0
"2009-05-18",14,6,8,19,5,5,5,12,18,18,1
"2009-05-19",7,12,7,16,5,8,3,11,15,21,0
"2009-05-20",13,8,12,13,4,16,3,5,29,12,0
"2009-05-21",8,1,1,12,2,12,1,8,16,9,0
"2009-05-22",18,10,13,19,3,17,4,7,29,17,0
"2009-05-26",16,8,9,21,7,11,10,17,28,23,1
"2009-05-27",10,5,4,13,4,7,4,15,17,15,0
"2009-05-28",11,13,6,20,10,10,7,21,16,22,1
"2009-05-29",11,11,5,16,7,14,1,15,27,27,1
"2009-06-01",9,9,5,18,3,12,4,10,21,15,1
"2009-06-02",8,10,6,13,6,11,3,14,19,20,1
"2009-06-03",6,8,4,8,5,8,5,9,14,19,0
"2009-06-04",12,11,6,12,9,6,10,15,21,24,1
"2009-06-05",4,4,2,7,8,6,2,13,11,21,1
"2009-06-08",7,9,2,7,5,4,1,9,12,12,1
"2009-06-09",15,5,11,23,3,13,5,8,30,11,0
"2009-06-10",10,8,6,17,9,8,5,19,21,26,0
"2009-06-11",21,14,11,30,11,22,8,20,36,34,1
"2009-06-12",5,7,6,11,3,10,4,13,15,20,1
"2009-06-15",13,11,5,16,3,11,5,20,26,18,0
"2009-06-16",11,4,4,11,1,3,1,12,16,14,0
"2009-06-17",12,11,5,15,8,8,9,17,19,20,0
"2009-06-18",13,9,4,16,7,11,6,30,22,24,1
"2009-06-19",13,8,5,18,5,10,4,15,24,21,0
"2009-06-22",10,10,6,13,6,11,3,18,20,26,0
"2009-06-23",13,2,3,15,5,8,6,11,23,17,0
"2009-06-24",13,15,4,19,7,11,5,13,30,18,0
"2009-06-25",11,9,4,15,6,10,6,13,21,21,1
"2009-06-26",10,10,8,12,6,8,7,9,18,15,0
"2009-06-29",13,5,5,16,0,11,7,9,23,12,1
"2009-06-30",10,5,2,14,4,7,2,14,19,19,0
"2009-07-01",11,6,5,11,6,8,6,12,18,14,1
"2009-07-02",7,11,5,13,3,7,6,12,14,17,0
"2009-07-06",13,11,6,22,5,9,3,12,21,17,1
"2009-07-07",13,9,4,20,5,7,4,9,18,14,0
"2009-07-08",20,14,9,23,9,17,8,19,28,26,1
"2009-07-09",16,13,6,17,5,11,7,8,26,14,1
"2009-07-10",17,6,11,16,1,7,3,12,28,12,0
"2009-07-13",16,8,5,22,2,15,6,11,25,13,1
"2009-07-14",10,4,6,17,2,7,6,11,16,13,1
"2009-07-15",14,4,9,22,3,10,2,9,28,15,1
"2009-07-16",10,13,6,17,7,12,10,18,17,22,1
"2009-07-17",14,5,6,22,8,19,6,13,29,19,1
"2009-07-20",12,9,7,17,6,12,5,11,23,22,1
"2009-07-21",14,9,9,18,7,19,5,15,26,18,1
"2009-07-22",11,8,6,11,9,7,1,24,22,30,0
"2009-07-23",12,12,6,15,6,13,5,9,24,14,1
"2009-07-24",7,8,4,11,5,8,3,8,18,22,1
"2009-07-27",8,13,4,8,6,5,2,10,15,14,1
"2009-07-28",19,8,12,21,4,20,6,16,31,21,0
"2009-07-29",20,7,11,21,8,15,5,16,27,23,0
"2009-07-30",13,15,7,23,7,13,10,13,25,13,1
"2009-07-31",12,10,9,17,6,12,3,14,27,16,1
"2009-08-03",10,10,8,19,9,10,8,19,25,26,1
"2009-08-04",14,9,7,19,5,11,3,9,27,23,1
"2009-08-05",8,8,9,14,4,9,3,13,18,15,0
"2009-08-06",12,5,8,23,8,15,9,12,24,20,0
"2009-08-07",9,8,7,16,7,7,6,19,22,22,1
"2009-08-10",10,7,6,23,1,10,1,10,23,20,0
"2009-08-11",11,5,8,16,5,10,4,11,22,15,0
"2009-08-12",7,7,5,10,3,6,3,11,15,16,1
"2009-08-13",17,10,9,22,2,15,7,11,25,17,1
"2009-08-14",18,8,4,20,10,12,4,15,21,21,0
"2009-08-17",17,8,11,25,9,17,7,16,31,24,0
"2009-08-18",11,11,5,17,5,10,3,13,20,19,1
"2009-08-19",16,14,7,16,8,13,5,20,21,21,1
"2009-08-20",6,7,3,11,3,8,2,18,16,23,1
"2009-08-21",31,17,10,31,9,23,13,17,47,33,1
"2009-08-24",10,9,4,16,6,7,3,10,25,18,1
"2009-08-25",14,10,6,14,5,9,3,11,23,16,1
"2009-08-26",15,9,6,15,6,9,4,9,23,14,1
"2009-08-27",19,10,9,16,2,13,9,12,24,17,1
"2009-08-28",16,9,4,19,4,13,4,12,28,19,0
"2009-08-31",10,8,7,16,5,11,3,12,24,16,0
"2009-09-01",13,11,7,16,6,11,3,19,24,28,0
"2009-09-02",9,7,7,11,7,11,4,12,24,21,0
"2009-09-03",7,10,3,15,5,3,5,12,14,24,1
"2009-09-04",11,8,5,14,7,9,9,16,22,19,1
"2009-09-08",15,13,3,16,10,9,9,16,21,21,1
"2009-09-09",13,7,5,12,2,9,3,8,18,11,1
"2009-09-10",14,17,7,18,11,11,10,28,21,35,1
"2009-09-11",10,10,11,19,5,14,4,13,21,22,0
"2009-09-14",16,11,8,17,9,16,4,24,28,32,1
"2009-09-15",6,8,5,13,6,5,4,11,17,20,1
"2009-09-16",11,10,3,20,8,8,6,19,19,23,1
"2009-09-17",17,13,11,28,10,22,5,18,31,22,0
"2009-09-18",18,11,8,31,8,16,8,18,35,20,1
"2009-09-21",7,10,6,13,6,6,3,19,16,23,0
"2009-09-22",10,8,7,21,6,9,4,13,17,20,1
"2009-09-23",19,17,7,19,6,13,5,14,34,30,0
"2009-09-24",13,10,9,18,6,12,4,21,27,22,0
"2009-09-25",12,10,4,18,7,10,4,18,21,20,0
"2009-09-28",7,6,4,14,5,9,6,8,22,14,1
"2009-09-29",17,14,11,24,6,13,6,18,31,23,0
"2009-09-30",9,13,5,13,10,5,4,12,18,25,0
"2009-10-01",17,9,6,23,7,10,7,14,26,24,0
"2009-10-02",12,12,11,18,9,12,9,14,27,20,0
"2009-10-05",17,16,5,25,10,13,14,21,32,35,1
"2009-10-06",11,14,6,18,9,12,9,20,22,24,1
"2009-10-07",20,12,12,22,5,15,4,16,33,27,0
"2009-10-08",12,13,6,20,9,17,6,23,30,25,1
"2009-10-09",10,8,3,10,3,8,4,13,23,23,1
"2009-10-12",8,11,6,17,4,6,4,10,22,21,1
"2009-10-13",17,12,6,20,10,12,6,22,30,23,0
"2009-10-14",12,12,7,20,5,11,8,13,25,20,1
"2009-10-15",13,11,7,18,9,13,6,22,26,32,1
"2009-10-16",13,12,5,16,6,8,4,15,21,22,0
"2009-10-19",13,7,5,17,7,13,7,13,26,32,1
"2009-10-20",6,13,0,12,4,2,5,13,12,21,0
"2009-10-21",16,15,5,18,8,10,4,16,18,26,0
"2009-10-22",12,11,9,16,11,12,3,18,28,27,1
"2009-10-23",13,11,8,26,10,12,5,19,30,29,0
"2009-10-26",8,9,4,10,4,8,1,10,18,21,0
"2009-10-27",17,8,10,19,7,12,3,17,29,25,1
"2009-10-28",16,11,10,19,8,14,4,20,30,23,0
"2009-10-29",13,8,4,19,2,13,4,14,31,21,1
"2009-10-30",8,12,6,15,6,8,11,17,22,17,0
"2009-11-02",15,9,5,17,4,9,2,12,28,24,1
"2009-11-03",15,7,9,29,7,20,4,14,38,24,0
"2009-11-04",6,14,4,13,9,6,4,20,14,30,1
"2009-11-05",22,6,10,19,5,9,7,14,26,16,1
"2009-11-06",11,12,5,16,8,12,6,19,26,30,1
"2009-11-09",15,14,7,14,11,9,8,15,23,24,1
"2009-11-10",14,10,7,16,7,7,6,17,25,29,1
"2009-11-11",15,13,8,24,7,9,3,16,31,26,1
"2009-11-12",15,7,6,24,5,14,5,12,23,16,0
"2009-11-13",15,15,4,24,8,11,8,26,26,35,1
"2009-11-16",13,11,8,19,6,9,6,16,22,15,1
"2009-11-17",13,10,7,15,9,9,5,18,25,26,1
"2009-11-18",10,13,7,15,8,10,4,20,17,19,0
"2009-11-19",13,9,8,19,4,14,1,13,20,18,0
"2009-11-20",13,8,4,21,4,10,0,14,20,20,0
"2009-11-23",19,11,10,24,1,18,6,11,33,12,1
"2009-11-24",15,9,6,17,9,15,2,18,31,15,0
"2009-11-25",8,9,5,11,9,10,7,13,13,21,1
"2009-11-27",17,15,7,19,9,8,7,15,21,19,0
"2009-11-30",21,8,7,24,4,16,4,19,30,20,1
"2009-12-01",14,17,5,21,8,13,10,18,31,22,1
"2009-12-02",18,8,11,22,5,17,4,18,37,13,0
"2009-12-03",7,10,1,14,8,11,3,14,23,16,0
"2009-12-04",10,8,5,13,3,8,6,8,20,12,1
"2009-12-07",8,8,6,15,4,9,4,12,15,14,1
"2009-12-08",6,9,3,11,2,7,5,13,12,13,0
"2009-12-09",8,8,1,16,5,6,4,15,15,22,1
"2009-12-10",19,8,10,23,4,10,2,11,27,16,1
"2009-12-11",8,7,5,16,4,4,3,18,15,27,1
"2009-12-14",12,12,6,21,6,12,7,16,30,26,1
"2009-12-15",9,10,4,15,4,12,3,21,20,24,0
"2009-12-16",15,5,8,13,5,9,4,15,28,16,0
"2009-12-17",15,6,8,20,5,11,4,13,26,17,0
"2009-12-18",12,8,5,16,11,11,5,14,22,25,1
"2009-12-21",11,13,5,18,8,10,5,15,17,19,1
"2009-12-22",20,13,4,21,9,15,5,20,29,23,1
"2009-12-23",16,11,6,20,6,10,4,15,22,23,1
"2009-12-24",17,11,7,13,6,10,7,10,19,24,1
"2009-12-28",13,16,4,20,7,9,5,19,20,36,1
"2009-12-29",9,4,2,14,2,7,5,8,13,10,0
"2009-12-30",20,15,10,22,10,11,4,18,29,19,1
"2009-12-31",15,11,7,19,4,11,9,14,26,16,0
"2010-01-04",10,7,6,15,5,9,5,11,22,19,1
"2010-01-05",7,4,8,13,1,6,3,10,21,9,0
"2010-01-06",14,13,6,23,10,13,7,20,24,27,1
"2010-01-07",12,12,6,22,11,12,7,16,24,19,1
"2010-01-08",19,15,7,21,4,15,5,16,34,38,1
"2010-01-11",10,7,5,15,3,10,0,18,22,25,1
"2010-01-12",16,9,7,23,6,17,9,16,28,19,0
"2010-01-13",16,11,10,21,9,11,5,15,26,27,1
"2010-01-14",16,12,6,19,9,13,9,18,27,25,1
"2010-01-15",11,14,3,14,7,12,3,13,20,16,0
"2010-01-19",10,9,4,19,5,8,5,9,22,16,1
"2010-01-20",8,9,5,17,5,11,7,9,20,17,0
"2010-01-21",16,12,5,21,7,11,5,18,29,28,0
"2010-01-22",16,19,9,21,10,17,5,26,33,33,0
"2010-01-25",11,9,4,20,6,11,5,18,27,24,1
"2010-01-26",14,12,7,20,8,12,7,14,27,15,0
"2010-01-27",11,7,6,16,1,9,2,8,23,16,1
"2010-01-28",15,8,7,23,6,11,3,15,25,25,0
"2010-01-29",8,11,4,13,6,5,3,11,20,13,0
"2010-02-01",12,7,6,15,4,8,2,15,22,22,1
"2010-02-02",7,14,1,16,12,11,6,19,23,26,1
"2010-02-03",16,7,4,19,6,14,4,16,21,15,0
"2010-02-04",13,11,9,21,5,15,3,11,25,20,0
"2010-02-05",9,13,7,18,7,11,7,14,25,24,1
"2010-02-08",16,10,8,25,8,19,8,15,30,22,0
"2010-02-09",13,14,8,18,6,13,5,12,29,16,1
"2010-02-10",12,9,7,18,7,12,7,18,28,18,0
"2010-02-11",16,4,7,16,5,12,5,19,26,21,1
"2010-02-12",13,10,7,15,6,8,6,11,18,17,0
"2010-02-16",15,7,6,17,2,8,5,9,21,14,1
"2010-02-17",13,7,4,21,2,13,3,11,25,13,1
"2010-02-18",13,10,5,12,6,4,5,15,23,16,1
"2010-02-19",14,11,7,21,5,14,5,9,25,13,1
"2010-02-22",14,4,4,18,6,12,6,16,24,17,0
"2010-02-23",19,9,5,24,5,14,4,15,30,18,0
"2010-02-24",20,7,10,26,4,18,3,11,34,18,1
"2010-02-25",9,6,2,9,3,6,2,11,14,13,0
"2010-02-26",7,10,2,10,5,6,6,11,10,18,1
"2010-03-01",18,13,14,25,7,21,3,17,32,22,1
"2010-03-02",8,9,7,9,7,7,3,12,13,16,1
"2010-03-03",10,13,6,16,9,10,4,15,19,17,0
"2010-03-04",16,7,8,16,6,11,5,13,22,19,1
"2010-03-05",13,9,5,17,4,12,4,11,19,15,1
"2010-03-08",10,13,6,18,7,11,5,11,24,16,0
"2010-03-09",12,10,8,18,8,16,3,18,23,22,1
"2010-03-10",16,16,10,17,8,14,6,17,23,23,1
"2010-03-11",11,7,3,11,5,9,3,12,19,20,1
"2010-03-12",12,14,7,14,6,12,2,12,17,17,1
"2010-03-15",14,13,5,14,6,10,6,15,19,21,1
"2010-03-16",16,7,7,17,4,14,4,16,28,20,1
"2010-03-17",15,9,8,17,6,12,3,17,25,17,1
"2010-03-18",12,10,8,17,6,7,4,15,23,20,1
"2010-03-19",15,14,8,19,8,10,5,18,28,26,0
"2010-03-22",13,4,4,19,4,11,1,8,30,23,1
"2010-03-23",12,8,8,17,6,9,7,11,24,21,1
"2010-03-24",12,13,3,25,6,11,6,10,26,20,0
"2010-03-25",11,8,6,16,6,7,6,20,20,22,1
"2010-03-26",15,7,9,15,5,12,4,10,25,15,1
"2010-03-29",10,12,6,20,7,12,2,10,25,16,1
"2010-03-30",17,11,9,22,8,10,3,17,26,20,1
"2010-03-31",19,4,8,20,4,12,4,11,27,10,0
"2010-04-01",10,12,4,16,8,6,4,15,23,23,1
"2010-04-05",16,6,3,14,4,11,6,10,21,12,1
"2010-04-06",10,13,7,17,9,9,10,25,22,21,0
"2010-04-07",20,13,9,25,8,10,8,14,28,23,0
"2010-04-08",13,8,6,11,6,5,0,17,24,20,1
"2010-04-09",13,15,7,19,10,10,6,15,20,28,1
"2010-04-12",8,8,6,12,6,9,5,14,18,25,1
"2010-04-13",15,6,6,19,3,12,3,12,26,9,1
"2010-04-14",11,8,4,10,6,9,5,14,18,15,1
"2010-04-15",12,5,7,13,9,10,3,14,21,17,1
"2010-04-16",13,6,7,18,6,14,5,11,26,19,0
"2010-04-19",17,17,8,24,12,13,12,18,27,27,1
"2010-04-20",10,8,6,13,6,9,5,13,21,11,1
"2010-04-21",14,18,4,18,6,11,8,17,23,21,1
"2010-04-22",16,11,5,21,8,10,5,18,28,18,1
"2010-04-23",12,13,6,10,9,10,7,17,19,23,1
"2010-04-26",7,4,4,11,3,5,1,12,11,15,1
"2010-04-27",5,12,2,8,5,2,6,13,11,17,0
"2010-04-28",15,7,13,24,3,15,5,18,34,18,1
"2010-04-29",15,7,8,20,5,12,5,13,24,15,1
"2010-04-30",11,15,7,19,10,10,5,23,27,26,0
"2010-05-03",13,8,7,15,6,9,1,16,24,25,1
"2010-05-04",7,15,4,12,3,7,2,15,19,16,0
"2010-05-05",11,9,4,15,2,5,3,12,20,16,0
"2010-05-06",11,10,8,18,5,13,6,15,24,15,0
"2010-05-07",10,11,8,9,5,9,6,12,19,19,0
"2010-05-10",14,12,10,20,8,18,4,15,26,24,1
"2010-05-11",9,11,4,19,10,15,6,17,28,20,0
"2010-05-12",12,9,9,19,8,11,6,16,28,19,1
"2010-05-13",11,11,3,22,7,13,10,14,29,17,0
"2010-05-14",15,7,7,21,8,14,5,13,29,19,0
"2010-05-17",11,7,6,14,2,9,4,6,17,8,1
"2010-05-18",17,14,8,21,7,13,1,32,29,27,0
"2010-05-19",15,11,10,22,6,13,7,15,27,28,0
"2010-05-20",10,12,6,14,2,8,5,7,20,8,0
"2010-05-21",14,11,7,16,4,11,4,7,21,12,1
"2010-05-24",12,9,5,14,4,3,3,17,24,19,0
"2010-05-25",15,8,7,21,7,12,7,15,33,18,0
"2010-05-26",10,9,7,9,5,10,2,18,19,20,0
"2010-05-27",12,13,8,23,8,12,7,20,26,36,1
"2010-05-28",14,10,8,18,4,13,9,14,29,14,0
"2010-06-01",10,14,2,17,6,12,5,22,17,30,0
"2010-06-02",19,19,5,21,7,16,6,22,32,24,1
"2010-06-03",16,6,9,17,4,12,4,9,23,15,1
"2010-06-04",20,7,7,21,6,13,8,16,28,23,0
"2010-06-07",9,7,8,17,4,15,5,9,25,17,0
"2010-06-08",13,11,7,28,8,13,8,17,27,24,1
"2010-06-09",10,14,4,18,10,11,8,22,24,31,0
"2010-06-10",18,12,11,22,5,15,4,18,31,24,1
"2010-06-11",12,16,4,18,8,19,5,11,23,17,1
"2010-06-14",12,10,2,17,7,9,3,12,19,19,0
"2010-06-15",9,9,7,13,6,7,2,15,24,21,1
"2010-06-16",15,12,11,19,6,10,5,16,27,20,1
"2010-06-17",10,6,4,11,4,4,3,17,17,18,1
"2010-06-18",18,13,16,24,7,18,7,18,34,25,1
"2010-06-21",11,17,5,13,11,11,8,17,24,24,0
"2010-06-22",15,12,9,14,5,12,7,15,24,19,0
"2010-06-23",13,10,6,16,5,14,8,19,25,20,1
"2010-06-24",12,12,3,15,10,15,4,16,21,28,0
"2010-06-25",9,10,3,14,10,10,4,18,24,23,0
"2010-06-28",16,14,5,17,13,7,7,24,22,26,0
"2010-06-29",12,9,5,15,7,9,8,17,25,19,0
"2010-06-30",13,13,10,21,9,15,5,22,36,27,0
"2010-07-01",5,13,2,11,10,7,4,20,15,29,0
"2010-07-02",17,8,6,20,8,13,2,13,32,20,0
"2010-07-06",17,9,9,19,10,8,5,19,23,26,1
"2010-07-07",14,13,10,22,5,16,4,17,28,22,1
"2010-07-08",20,12,14,21,6,19,7,16,34,19,1
"2010-07-09",11,7,7,8,4,8,4,15,19,16,1
"2010-07-12",19,13,5,23,5,11,6,11,30,18,1
"2010-07-13",15,14,8,25,5,16,6,20,24,28,1
"2010-07-14",15,11,11,15,6,12,5,23,28,26,1
"2010-07-15",21,20,10,23,17,14,8,29,28,37,0
"2010-07-16",18,20,8,22,10,13,7,18,32,25,0
"2010-07-19",10,14,5,10,11,6,6,24,19,29,1
"2010-07-20",10,22,6,17,14,9,3,26,17,30,1
"2010-07-21",18,14,8,23,9,13,9,19,26,22,0
"2010-07-22",8,9,5,11,4,6,5,15,19,24,1
"2010-07-23",15,7,9,22,7,12,5,14,32,18,1
"2010-07-26",19,5,6,24,6,15,5,20,27,24,1
"2010-07-27",16,11,3,21,10,9,4,19,27,24,1
"2010-07-28",22,15,13,29,7,19,6,18,40,20,0
"2010-07-29",15,10,4,18,7,5,3,23,22,21,0
"2010-07-30",12,10,10,21,8,12,3,19,26,24,0
"2010-08-02",14,6,6,18,7,14,6,11,31,21,1
"2010-08-03",18,11,6,19,8,12,4,16,29,26,0
"2010-08-04",12,7,7,10,3,6,3,11,21,12,1
"2010-08-05",7,12,6,16,7,12,5,15,23,24,0
"2010-08-06",16,13,8,15,10,13,9,12,23,18,0
"2010-08-09",11,9,5,21,5,12,2,14,24,18,1
"2010-08-10",17,6,13,26,3,20,6,14,34,15,0
"2010-08-11",8,8,4,12,11,3,4,16,16,26,0
"2010-08-12",20,9,8,22,2,12,7,8,26,19,0
"2010-08-13",15,11,10,20,9,15,3,16,23,17,0
"2010-08-16",12,8,3,13,3,5,2,14,17,16,0
"2010-08-17",18,9,8,17,4,11,4,13,23,16,1
"2010-08-18",12,7,2,11,5,7,7,10,17,18,1
"2010-08-19",12,8,8,13,3,9,0,14,20,18,0
"2010-08-20",13,5,9,19,4,13,2,10,20,20,0
"2010-08-23",9,8,5,17,8,5,6,19,17,21,0
"2010-08-24",19,9,8,18,5,9,6,15,27,17,0
"2010-08-25",13,9,4,23,7,11,2,16,30,19,1
"2010-08-26",10,8,6,17,6,10,4,8,17,12,0
"2010-08-27",6,10,4,15,8,8,2,11,15,19,1
"2010-08-30",12,8,4,16,2,8,5,12,20,14,0
"2010-08-31",10,8,3,14,4,9,4,16,25,20,1
"2010-09-01",15,7,7,20,5,14,6,10,29,25,1
"2010-09-02",10,11,4,17,3,6,5,17,24,24,1
"2010-09-03",17,13,5,15,10,9,5,21,25,25,1
"2010-09-07",15,16,7,24,10,13,4,19,29,24,0
"2010-09-08",10,9,4,15,7,9,5,15,27,17,1
"2010-09-09",10,8,6,14,12,9,6,16,17,22,1
"2010-09-10",20,11,11,23,5,18,7,18,41,17,1
"2010-09-13",11,6,6,15,4,9,1,6,26,16,1
"2010-09-14",13,14,7,16,7,9,1,18,20,23,0
"2010-09-15",8,6,2,7,3,9,3,11,20,15,1
"2010-09-16",14,15,5,19,6,8,10,17,21,27,1
"2010-09-17",12,10,6,23,6,11,5,21,28,26,1
"2010-09-20",22,9,6,24,4,16,5,20,34,37,1
"2010-09-21",7,18,4,11,11,5,5,19,18,33,1
"2010-09-22",17,10,7,25,6,10,6,17,25,20,0
"2010-09-23",10,5,5,18,4,9,5,18,25,17,0
"2010-09-24",11,14,7,18,7,11,6,14,25,24,1
"2010-09-27",11,14,7,16,5,12,2,11,26,18,0
"2010-09-28",12,10,7,22,3,13,3,10,24,14,1
"2010-09-29",12,9,5,16,6,7,6,11,21,17,0
"2010-09-30",10,11,6,17,6,9,5,14,21,20,0
"2010-10-01",11,14,6,21,9,10,9,14,25,25,1
"2010-10-04",15,9,8,19,11,11,4,16,31,21,0
"2010-10-05",13,13,8,19,8,14,8,17,33,23,1
"2010-10-06",14,14,10,18,11,12,8,20,31,37,1
"2010-10-07",12,10,9,18,4,10,3,13,30,24,0
"2010-10-08",17,14,8,21,8,10,5,19,29,27,1
"2010-10-11",19,20,13,23,18,13,14,34,30,41,1
"2010-10-12",20,15,11,27,12,16,9,26,30,26,1
"2010-10-13",16,9,11,23,9,15,5,19,29,27,1
"2010-10-14",15,8,7,19,11,17,7,31,31,31,0
"2010-10-15",9,8,4,14,8,11,2,12,21,22,0
"2010-10-18",21,11,8,22,6,10,11,12,31,11,1
"2010-10-19",19,15,7,17,12,13,6,22,28,34,0
"2010-10-20",17,6,8,15,4,14,1,13,25,27,1
"2010-10-21",15,11,7,14,6,9,6,16,24,30,1
"2010-10-22",12,12,5,17,9,9,2,10,24,18,0
"2010-10-25",13,11,7,22,5,15,5,12,23,12,1
"2010-10-26",16,11,10,23,8,16,5,16,27,27,1
"2010-10-27",10,14,6,18,9,14,8,23,28,29,0
"2010-10-28",8,7,7,18,2,7,3,15,22,14,0
"2010-10-29",19,14,11,24,4,17,8,15,28,17,1
"2010-11-01",20,14,11,29,10,19,8,20,32,27,1
"2010-11-02",15,8,14,20,8,14,9,19,34,31,1
"2010-11-03",10,10,4,19,8,7,7,12,27,13,1
"2010-11-04",19,14,12,34,7,18,12,13,32,18,1
"2010-11-05",20,14,9,22,10,16,7,12,30,24,1
"2010-11-08",17,14,4,23,5,14,6,16,32,24,0
"2010-11-09",13,13,6,18,7,11,4,17,28,27,0
"2010-11-10",12,6,7,17,6,8,4,20,25,25,1
"2010-11-11",16,17,6,21,11,10,8,17,28,32,0
"2010-11-12",13,13,7,14,7,10,3,13,22,19,0
"2010-11-15",12,12,9,21,6,15,4,15,23,14,1
"2010-11-16",14,13,10,21,5,11,4,12,22,24,0
"2010-11-17",15,10,10,17,9,12,10,18,29,21,0
"2010-11-18",9,5,5,13,5,12,5,8,25,9,1
"2010-11-19",13,10,6,13,5,7,4,9,27,18,1
"2010-11-22",11,13,8,18,9,13,7,14,24,21,0
"2010-11-23",7,9,4,13,4,7,2,11,18,16,0
"2010-11-24",10,11,5,14,3,8,5,15,19,18,1
"2010-11-26",17,13,6,18,6,10,4,15,23,22,0
"2010-11-29",19,16,10,31,3,21,10,19,41,24,0
"2010-11-30",11,11,8,19,5,11,11,8,23,19,0
"2010-12-01",10,9,6,11,6,4,3,13,20,17,1
"2010-12-02",6,10,5,18,4,6,5,19,20,22,1
"2010-12-03",12,6,4,14,3,5,6,14,18,11,1
"2010-12-06",21,13,10,29,3,15,5,23,34,18,0
"2010-12-07",13,8,12,16,9,16,7,17,30,22,0
"2010-12-08",6,13,6,11,9,6,4,21,19,23,1
"2010-12-09",15,12,3,15,8,7,10,25,30,27,0
"2010-12-10",9,7,7,10,5,12,4,20,20,18,1
"2010-12-13",11,12,3,18,9,8,6,16,22,20,1
"2010-12-14",9,8,4,17,7,11,5,16,25,22,1
"2010-12-15",9,7,3,15,5,9,3,23,24,27,0
"2010-12-16",17,6,5,23,5,14,3,12,32,15,1
"2010-12-17",11,6,4,20,6,11,3,19,29,20,0
"2010-12-20",15,10,6,25,8,8,4,18,32,26,0
"2010-12-21",17,10,7,18,4,11,6,14,24,22,1
"2010-12-22",12,8,7,19,4,12,5,15,18,14,1
"2010-12-23",12,11,7,21,8,16,7,21,30,24,1
"2010-12-27",17,12,10,22,7,12,6,22,39,28,0
"2010-12-28",19,11,8,22,2,13,8,15,33,20,1
"2010-12-29",15,14,5,19,7,7,4,20,25,25,1
"2010-12-30",13,8,6,16,10,11,6,15,24,24,0
"2010-12-31",14,18,12,29,11,8,6,22,29,28,1
"2011-01-03",13,9,8,18,4,11,8,12,24,22,1
"2011-01-04",8,11,3,23,5,11,7,15,21,20,1
"2011-01-05",9,11,6,17,5,11,4,20,27,29,1
"2011-01-06",13,10,11,21,6,13,8,10,26,21,0
"2011-01-07",13,15,4,16,10,13,8,22,30,26,0
"2011-01-10",14,16,8,19,9,8,8,22,20,37,0
"2011-01-11",13,7,6,21,8,14,5,12,24,19,1
"2011-01-12",18,10,9,22,5,15,8,16,33,23,1
"2011-01-13",11,9,7,12,9,7,6,19,17,23,0
"2011-01-14",5,18,3,12,9,6,7,19,15,30,1
"2011-01-18",16,14,7,20,7,12,5,15,23,23,1
"2011-01-19",7,9,4,10,6,10,6,20,18,20,0
"2011-01-20",19,17,10,27,10,12,9,19,32,29,0
"2011-01-21",17,9,6,21,4,14,3,15,34,23,1
"2011-01-24",12,11,4,10,7,4,6,9,14,24,1
"2011-01-25",9,8,4,15,5,8,6,12,20,13,0
"2011-01-26",10,4,4,15,2,6,1,12,19,14,1
"2011-01-27",16,9,7,19,3,10,7,14,24,17,1
"2011-01-28",7,7,2,12,0,5,2,5,13,7,0
"2011-01-31",11,15,3,15,7,9,7,9,19,19,1
"2011-02-01",8,11,3,14,5,9,4,11,18,20,1
"2011-02-02",12,9,5,18,6,5,5,16,20,18,1
"2011-02-03",17,13,8,18,6,12,4,15,25,23,1
"2011-02-04",11,12,4,18,5,10,5,14,22,20,1
"2011-02-07",12,10,7,11,7,13,5,17,19,21,1
"2011-02-08",8,11,2,13,4,8,6,11,15,12,1
"2011-02-09",15,9,4,21,5,15,6,9,30,14,1
"2011-02-10",13,14,4,14,11,10,9,15,21,29,0
"2011-02-11",8,12,1,12,3,6,4,14,16,22,1
"2011-02-14",9,12,3,13,7,5,3,14,17,21,0
"2011-02-15",14,7,8,20,1,14,5,7,25,11,0
"2011-02-16",15,8,5,14,6,9,6,14,27,18,1
"2011-02-17",16,6,8,23,5,10,5,12,26,18,1
"2011-02-18",15,7,9,22,4,12,3,10,24,16,1
"2011-02-22",13,7,6,17,5,10,5,13,18,24,0
"2011-02-23",11,8,2,15,5,7,6,9,17,17,0
"2011-02-24",11,10,5,12,8,8,9,10,22,20,0
"2011-02-25",16,7,7,16,5,8,7,8,19,16,1
"2011-02-28",13,10,5,17,12,10,5,11,23,22,1
"2011-03-01",14,14,4,17,11,5,5,15,23,31,0
"2011-03-02",13,8,7,19,4,8,5,15,27,22,1
"2011-03-03",21,10,3,21,7,9,5,8,25,21,1
"2011-03-04",18,8,13,23,7,20,8,16,33,17,0
"2011-03-07",8,6,2,11,5,6,4,14,17,19,0
"2011-03-08",18,12,7,21,7,13,1,14,29,22,1
"2011-03-09",19,6,9,24,4,13,8,13,27,17,0
"2011-03-10",13,8,2,12,6,8,1,12,18,16,0
"2011-03-11",8,4,3,16,2,4,3,6,14,11,1
"2011-03-14",15,12,5,24,3,11,9,16,25,21,0
"2011-03-15",14,8,5,23,8,13,11,17,30,28,0
"2011-03-16",17,13,8,27,6,19,10,20,33,25,0
"2011-03-17",14,14,3,20,7,7,7,15,22,23,1
"2011-03-18",11,7,4,17,5,11,7,8,26,25,1
"2011-03-21",12,5,3,18,2,11,8,12,21,13,1
"2011-03-22",15,9,8,26,9,18,7,23,30,30,0
"2011-03-23",15,13,7,25,9,16,13,18,30,25,1
"2011-03-24",10,4,4,20,3,13,5,11,25,19,1
"2011-03-25",7,8,5,15,4,7,6,9,19,15,1
"2011-03-28",20,6,11,25,3,21,5,8,41,12,0
"2011-03-29",10,10,6,15,5,12,7,15,21,21,1
"2011-03-30",8,9,4,18,4,10,7,9,22,18,1
"2011-03-31",12,11,4,15,7,9,5,13,20,26,0
"2011-04-01",10,8,3,11,7,13,5,19,20,24,1
"2011-04-04",5,13,0,13,7,3,2,21,18,29,1
"2011-04-05",12,9,7,17,6,14,8,18,26,22,0
"2011-04-06",11,9,3,21,6,11,5,18,22,23,1
"2011-04-07",9,9,2,20,5,10,6,17,28,22,0
"2011-04-08",11,11,6,9,7,8,5,16,23,24,0
"2011-04-11",7,6,1,11,5,7,3,14,19,18,1
"2011-04-12",10,7,4,16,5,10,4,12,22,17,0
"2011-04-13",8,8,4,17,7,13,4,16,24,18,1
"2011-04-14",11,7,3,22,3,8,4,9,23,16,1
"2011-04-15",17,7,7,23,4,16,6,11,27,17,1
"2011-04-18",10,10,3,14,7,9,6,13,19,25,0
"2011-04-19",13,7,10,18,5,9,5,11,23,14,1
"2011-04-20",14,8,4,22,5,13,4,17,19,17,1
"2011-04-21",8,3,1,13,4,3,3,8,20,9,1
"2011-04-25",11,12,6,20,6,8,6,16,21,18,0
"2011-04-26",25,12,9,33,10,22,11,20,40,28,1
"2011-04-27",8,9,1,17,5,8,4,13,20,17,1
"2011-04-28",14,11,5,22,8,9,8,15,25,24,1
"2011-04-29",15,11,8,12,7,7,6,13,26,16,1
"2011-05-02",11,8,4,23,4,9,5,12,24,20,0
"2011-05-03",10,13,6,18,11,11,5,19,21,17,1
"2011-05-04",12,5,2,15,3,9,5,11,21,11,0
"2011-05-05",14,5,3,19,3,9,7,8,26,14,0
"2011-05-06",16,12,5,19,9,11,7,22,27,23,1
"2011-05-09",19,13,11,25,9,17,9,19,34,23,1
"2011-05-10",15,23,6,18,7,10,10,16,29,29,1
"2011-05-11",16,9,11,21,7,12,7,15,28,24,0
"2011-05-12",14,10,10,18,5,11,3,10,28,20,1
"2011-05-13",15,8,6,23,3,16,5,10,29,15,0
"2011-05-16",5,6,5,11,4,4,3,9,17,17,0
"2011-05-17",14,12,6,22,6,13,9,14,24,27,0
"2011-05-18",13,19,2,21,12,12,9,19,25,29,1
"2011-05-19",8,6,2,13,4,5,1,10,14,13,1
"2011-05-20",8,12,3,13,7,6,6,12,15,18,0
"2011-05-23",17,13,8,24,7,15,6,16,28,19,0
"2011-05-24",17,10,6,25,2,12,8,14,25,16,0
"2011-05-25",13,11,7,17,7,11,11,18,25,20,1
"2011-05-26",7,11,7,13,8,9,2,22,27,26,1
"2011-05-27",14,7,5,21,2,13,6,11,27,13,1
"2011-05-31",7,9,6,16,4,6,5,11,19,17,1
"2011-06-01",19,18,11,24,14,21,9,15,33,28,0
"2011-06-02",17,8,8,27,5,16,5,15,30,18,0
"2011-06-03",12,9,6,15,8,14,6,12,23,16,0
"2011-06-06",11,13,7,19,6,9,4,12,22,15,0
"2011-06-07",8,11,7,12,7,6,5,15,18,21,0
"2011-06-08",8,3,2,15,3,6,3,15,24,15,0
"2011-06-09",8,5,7,16,5,10,5,14,28,16,1
"2011-06-10",8,5,2,11,2,3,2,16,16,15,0
"2011-06-13",14,6,4,11,4,11,6,8,22,12,1
"2011-06-14",17,10,6,23,10,12,6,17,31,24,1
"2011-06-15",18,12,10,20,7,13,5,17,29,19,0
"2011-06-16",12,10,4,19,9,9,5,19,23,24,1
"2011-06-17",10,3,1,17,3,8,4,10,20,13,1
"2011-06-20",18,9,8,20,2,9,7,16,27,22,1
"2011-06-21",10,10,1,17,6,7,4,18,19,20,1
"2011-06-22",12,8,5,21,4,10,4,13,24,15,0
"2011-06-23",23,7,15,24,6,19,7,14,34,22,0
"2011-06-24",12,8,4,16,8,7,1,20,19,23,0
"2011-06-27",14,12,3,18,8,10,3,21,31,26,1
"2011-06-28",22,12,8,22,4,11,7,14,35,23,1
"2011-06-29",15,7,4,16,5,9,6,7,27,16,1
"2011-06-30",9,6,5,15,2,7,3,8,21,13,1
"2011-07-01",7,9,2,13,4,9,3,11,18,15,1
"2011-07-05",24,9,6,27,3,16,4,15,34,18,0
"2011-07-06",8,9,2,9,7,3,2,15,20,19,1
"2011-07-07",14,11,7,19,4,11,5,14,25,20,1
"2011-07-08",16,9,10,20,5,12,4,17,26,15,0
"2011-07-11",14,6,5,19,3,7,6,13,31,18,0
"2011-07-12",11,16,6,16,7,11,6,21,23,27,0
"2011-07-13",10,12,7,23,8,15,6,15,21,21,1
"2011-07-14",9,9,4,9,6,5,4,17,18,22,0
"2011-07-15",9,8,2,14,3,6,2,12,19,10,1
"2011-07-18",9,12,6,11,7,6,6,15,17,25,0
"2011-07-19",6,12,5,10,8,8,6,12,16,23,1
"2011-07-20",20,15,10,20,10,16,6,19,32,28,0
"2011-07-21",10,8,5,17,4,7,3,15,18,20,1
"2011-07-22",12,3,4,18,2,9,6,8,23,11,0
"2011-07-25",20,10,10,24,8,10,11,18,29,22,0
"2011-07-26",22,16,10,26,9,14,7,16,35,26,0
"2011-07-27",15,11,6,15,6,8,6,16,22,25,0
"2011-07-28",14,6,7,14,3,13,5,14,24,20,0
"2011-07-29",10,12,6,15,10,10,5,17,23,23,0
"2011-08-01",15,5,8,19,2,14,6,6,23,11,0
"2011-08-02",14,9,7,21,5,12,5,12,30,23,0
"2011-08-03",12,11,6,18,4,14,7,13,28,20,1
"2011-08-04",13,10,7,18,5,12,8,18,26,15,0
"2011-08-05",13,5,4,15,3,9,5,12,28,20,1
"2011-08-08",10,8,2,15,5,12,4,12,23,18,0
"2011-08-09",8,5,2,17,3,8,2,11,17,12,1
"2011-08-10",10,3,5,11,1,9,2,8,23,12,0
"2011-08-11",19,9,6,27,5,12,6,13,28,20,1
"2011-08-12",18,11,11,25,9,15,7,13,30,27,1
"2011-08-15",8,3,4,12,4,4,2,13,23,13,1
"2011-08-16",9,7,4,17,3,5,2,12,23,16,0
"2011-08-17",21,15,8,28,9,18,9,18,34,31,1
"2011-08-18",19,14,6,22,10,14,7,22,32,37,0
"2011-08-19",21,12,8,27,8,16,7,13,26,22,0
"2011-08-22",12,7,6,13,2,7,3,6,19,11,1
"2011-08-23",9,9,4,10,7,8,5,15,21,27,1
"2011-08-24",13,9,5,21,5,14,4,19,26,30,1
"2011-08-25",12,6,8,16,3,11,4,10,22,13,0
"2011-08-26",18,12,6,27,4,12,8,15,32,24,1
"2011-08-29",12,11,6,19,7,11,5,13,24,19,1
"2011-08-30",20,15,5,21,6,11,7,16,29,27,1
"2011-08-31",14,12,6,19,9,10,8,16,26,23,1
"2011-09-01",8,12,7,12,10,18,7,22,27,32,0
"2011-09-02",11,7,4,14,10,6,7,16,17,22,0
"2011-09-06",9,9,5,14,5,7,5,20,24,24,0
"2011-09-07",15,8,7,19,6,12,4,20,20,22,1
"2011-09-08",16,12,12,27,9,14,9,23,36,31,0
"2011-09-09",16,11,6,21,6,14,5,19,29,20,0
"2011-09-12",13,7,10,20,7,11,5,17,21,18,1
"2011-09-13",15,10,13,23,7,16,4,15,31,25,1
"2011-09-14",21,15,12,29,10,22,11,17,35,27,1
"2011-09-15",10,12,5,17,5,13,6,16,31,28,1
"2011-09-16",17,9,10,17,11,13,4,23,24,27,1
"2011-09-19",17,16,6,20,8,10,8,24,25,25,0
"2011-09-20",13,15,5,14,7,7,9,16,20,24,1
"2011-09-21",20,12,8,21,5,16,10,11,35,13,0
"2011-09-22",13,16,7,21,10,14,5,18,29,28,0
"2011-09-23",13,7,8,14,4,12,3,14,29,13,1
"2011-09-26",12,15,8,19,9,13,5,21,26,29,1
"2011-09-27",13,11,11,23,6,14,7,12,27,20,1
"2011-09-28",17,9,13,19,6,14,5,15,30,17,0
"2011-09-29",11,11,6,16,7,12,3,16,21,28,1
"2011-09-30",15,13,8,25,6,16,7,18,25,23,0
"2011-10-03",16,9,4,18,9,12,3,22,29,21,0
"2011-10-04",17,9,9,20,7,19,10,13,28,23,1
"2011-10-05",9,7,4,12,3,5,1,11,15,17,1
"2011-10-06",18,10,6,21,5,14,8,16,27,17,1
"2011-10-07",20,9,9,28,5,14,4,17,42,21,0
"2011-10-10",25,10,12,30,9,21,10,16,38,19,1
"2011-10-11",7,9,5,18,3,11,2,9,18,17,0
"2011-10-12",18,14,11,24,5,15,5,15,30,22,1
"2011-10-13",19,17,5,25,10,16,11,17,32,20,0
"2011-10-14",19,15,7,22,8,13,9,20,24,29,1
"2011-10-17",17,13,10,18,8,17,5,16,31,23,0
"2011-10-18",15,11,9,20,5,18,3,10,30,28,1
"2011-10-19",8,8,8,18,4,8,5,14,21,16,0
"2011-10-20",10,13,5,16,11,10,6,26,23,39,1
"2011-10-21",14,13,9,16,8,9,7,17,21,19,1
"2011-10-24",10,8,3,16,6,7,7,15,20,22,1
"2011-10-25",8,9,5,13,5,8,1,15,16,22,0
"2011-10-26",16,9,8,22,5,11,3,13,28,26,1
"2011-10-27",11,8,6,16,5,11,3,12,20,20,1
"2011-10-28",10,11,7,17,6,6,2,17,20,18,1
"2011-10-31",9,11,3,12,5,6,4,14,16,17,0
"2011-11-01",10,9,5,18,5,11,5,11,22,15,0
"2011-11-02",9,10,1,17,4,9,7,10,20,19,1
"2011-11-03",18,20,10,29,10,20,7,16,37,26,1
"2011-11-04",8,12,6,21,11,13,4,19,24,25,0
"2011-11-07",15,8,4,17,4,14,7,14,34,27,1
"2011-11-08",17,14,10,22,6,12,7,16,35,17,1
"2011-11-09",15,13,8,23,6,17,8,11,33,20,0
"2011-11-10",18,15,3,19,3,11,3,16,29,23,1
"2011-11-11",19,10,7,19,5,13,7,16,37,17,1
"2011-11-14",14,8,6,27,6,13,7,13,29,22,0
"2011-11-15",6,11,4,12,2,6,3,15,20,14,1
"2011-11-16",10,8,3,13,5,10,5,14,20,19,0
"2011-11-17",16,9,10,20,8,9,6,25,32,31,0
"2011-11-18",9,6,2,9,2,8,3,15,21,16,1
"2011-11-21",16,7,9,24,4,18,6,22,32,28,0
"2011-11-22",17,16,8,24,8,15,7,26,26,34,0
"2011-11-23",13,12,8,22,4,18,6,13,36,31,0
"2011-11-25",11,10,8,13,4,11,4,17,22,19,0
"2011-11-28",15,17,5,15,11,12,8,18,31,27,1
"2011-11-29",13,8,5,20,5,12,3,19,27,23,1
"2011-11-30",16,13,5,19,14,8,11,24,21,34,1
"2011-12-01",21,9,8,25,6,19,8,23,37,19,0
"2011-12-02",20,11,6,28,7,10,6,16,38,21,0
"2011-12-05",19,14,4,22,12,18,6,21,35,33,1
"2011-12-06",14,13,4,23,10,14,7,19,27,25,1
"2011-12-07",12,10,2,16,4,8,5,14,26,18,1
"2011-12-08",22,9,7,27,7,12,11,15,29,22,0
"2011-12-09",12,4,10,18,2,11,4,9,31,12,1
"2011-12-12",14,9,9,22,9,11,6,25,25,25,0
"2011-12-13",12,5,6,14,1,8,3,9,24,16,0
"2011-12-14",25,9,10,29,3,13,7,17,37,16,0
"2011-12-15",14,4,6,21,3,9,2,20,28,19,1
"2011-12-16",6,13,6,13,5,6,3,13,20,25,0
"2011-12-19",11,5,4,17,5,9,4,13,16,15,0
"2011-12-20",18,15,9,22,5,10,5,18,30,30,1
"2011-12-21",13,11,6,15,5,11,2,9,22,13,1
"2011-12-22",12,17,5,23,9,15,8,25,33,29,1
"2011-12-23",18,14,8,23,5,13,2,11,27,18,1
"2011-12-27",14,6,4,14,2,10,6,5,19,12,0
"2011-12-28",11,9,8,20,5,10,3,17,23,22,0
"2011-12-29",10,9,7,18,2,14,5,17,23,26,1
"2011-12-30",14,5,9,21,2,12,7,9,25,19,0
"2012-01-03",13,8,9,22,6,12,5,16,27,26,1
"2012-01-04",18,7,13,20,3,13,4,17,34,21,1
"2012-01-05",15,7,9,24,4,9,4,15,36,18,0
"2012-01-06",13,5,7,21,2,9,3,8,25,8,0
"2012-01-09",14,15,6,18,7,12,4,21,22,25,1
"2012-01-10",12,15,6,19,8,11,4,14,21,25,1
"2012-01-11",19,15,10,28,4,21,6,15,35,24,0
"2012-01-12",12,10,5,18,9,14,4,12,29,18,1
"2012-01-13",16,8,9,19,4,15,7,9,24,17,0
"2012-01-17",11,15,6,18,3,12,4,8,26,22,1
"2012-01-18",11,11,2,13,7,9,3,16,28,21,1
"2012-01-19",12,4,5,15,1,8,2,8,24,18,1
"2012-01-20",13,5,7,17,0,16,3,10,23,15,1
"2012-01-23",20,14,11,21,11,18,7,27,34,23,0
"2012-01-24",12,8,6,18,4,10,7,17,22,13,0
"2012-01-25",18,12,8,21,8,12,5,18,32,22,1
"2012-01-26",13,10,5,16,6,10,3,10,24,16,0
"2012-01-27",13,9,5,19,5,16,6,15,29,19,0
"2012-01-30",14,7,7,15,9,13,5,14,20,21,0
"2012-01-31",10,11,5,11,5,9,3,12,20,12,0
"2012-02-01",16,15,7,19,8,20,5,20,32,20,1
"2012-02-02",10,9,0,9,8,6,1,11,20,22,0
"2012-02-03",17,8,9,25,3,10,6,13,28,21,1
"2012-02-06",14,9,8,19,5,7,2,16,24,19,0
"2012-02-07",14,15,8,18,6,11,11,10,31,25,1
"2012-02-08",7,14,3,13,4,8,3,16,23,25,1
"2012-02-09",16,11,10,23,10,13,7,12,32,21,1
"2012-02-10",8,12,4,10,5,7,3,13,19,16,0
"2012-02-13",18,13,7,18,6,12,10,16,26,23,1
"2012-02-14",19,9,3,24,7,13,6,13,36,23,1
"2012-02-15",17,10,11,20,3,14,2,14,24,9,0
"2012-02-16",13,13,8,18,8,9,2,20,19,24,1
"2012-02-17",18,8,10,18,3,13,5,6,33,14,1
"2012-02-21",25,10,13,26,3,18,6,14,40,21,1
"2012-02-22",9,6,4,15,4,9,3,12,13,14,0
"2012-02-23",13,16,8,16,11,15,9,15,21,15,1
"2012-02-24",16,17,5,27,8,17,8,16,39,25,0
"2012-02-27",18,10,7,27,6,17,9,14,30,22,0
"2012-02-28",11,14,8,16,8,13,3,16,24,18,1
"2012-02-29",11,15,6,15,8,4,8,14,22,23,0
"2012-03-01",20,10,9,26,9,15,5,17,35,24,1
"2012-03-02",21,13,11,24,14,12,10,20,30,31,0
"2012-03-05",15,10,10,24,6,16,5,19,33,22,0
"2012-03-06",14,12,8,17,8,10,6,10,27,17,0
"2012-03-07",20,16,7,29,11,15,11,14,32,21,1
"2012-03-08",21,17,9,24,11,12,12,19,25,24,1
"2012-03-09",15,8,3,17,8,9,5,11,23,22,1
"2012-03-12",17,16,5,20,9,11,3,14,28,19,1
"2012-03-13",16,6,5,24,4,12,1,8,29,10,1
"2012-03-14",10,14,7,24,6,12,11,19,30,31,1
"2012-03-15",20,15,11,21,10,15,5,19,40,26,1
"2012-03-16",21,14,8,26,6,12,9,19,37,38,0
"2012-03-19",10,9,4,19,8,6,4,22,19,27,1
"2012-03-20",15,14,4,16,9,12,4,17,24,26,0
"2012-03-21",12,14,6,20,7,8,6,17,20,26,0
"2012-03-22",22,10,9,27,5,10,6,13,33,16,0
"2012-03-23",18,9,12,22,5,11,9,14,24,20,1
"2012-03-26",6,11,2,10,6,7,5,18,16,28,1
"2012-03-27",14,13,3,20,4,11,7,14,25,24,0
"2012-03-28",19,15,10,18,11,17,5,21,34,23,0
"2012-03-29",17,3,8,24,3,13,0,11,25,18,1
"2012-03-30",15,13,9,21,8,10,5,13,25,17,1
"2012-04-02",15,11,6,20,6,12,5,12,26,18,1
"2012-04-03",10,9,6,11,8,9,5,21,22,27,0
"2012-04-04",13,9,7,18,7,9,3,18,27,20,0
"2012-04-05",18,7,8,23,5,14,3,8,30,22,0
"2012-04-09",13,8,9,16,4,14,6,11,24,15,0
"2012-04-10",8,8,2,12,4,5,2,18,15,16,0
"2012-04-11",17,17,9,21,11,15,7,22,27,25,1
"2012-04-12",19,16,11,27,6,15,5,11,34,22,1
"2012-04-13",11,9,7,16,7,18,5,13,22,19,0
"2012-04-16",22,15,7,24,10,15,8,24,35,30,1
"2012-04-17",9,10,4,20,4,11,6,19,27,25,1
"2012-04-18",13,5,7,17,5,8,3,11,26,12,0
"2012-04-19",14,15,10,24,13,11,6,19,31,27,0
"2012-04-20",11,10,7,17,3,11,2,16,22,18,1
"2012-04-23",11,12,6,10,9,14,9,14,25,20,0
"2012-04-24",9,11,4,15,5,11,5,13,25,20,1
"2012-04-25",16,7,7,13,2,12,7,10,20,9,1
"2012-04-26",13,12,7,22,15,13,6,19,20,25,1
"2012-04-27",17,6,11,24,3,16,6,11,31,16,1
"2012-04-30",13,3,4,12,2,9,3,8,25,11,0
"2012-05-01",9,13,11,16,12,9,8,24,20,27,1
"2012-05-02",12,10,5,14,9,5,5,17,19,21,0
"2012-05-03",13,12,4,17,10,10,8,15,25,26,0
"2012-05-04",17,11,6,20,3,15,7,5,25,20,0
"2012-05-07",15,15,5,15,11,11,10,13,24,24,0
"2012-05-08",14,10,11,15,5,6,7,13,27,23,0
"2012-05-09",8,14,3,11,9,7,5,25,21,29,0
"2012-05-10",20,12,13,28,10,18,7,19,36,23,1
"2012-05-11",17,13,7,21,9,11,6,19,25,33,0
"2012-05-14",21,12,10,21,9,14,9,25,31,28,0
"2012-05-15",15,12,7,23,4,14,5,14,28,16,0
"2012-05-16",14,12,10,22,5,15,4,20,34,26,0
"2012-05-17",17,12,5,16,6,9,8,16,29,26,0
"2012-05-18",7,9,5,14,7,5,5,16,23,29,0
"2012-05-21",24,18,10,37,11,17,13,12,35,26,1
"2012-05-22",15,8,8,18,4,11,5,16,25,18,0
"2012-05-23",12,11,4,22,6,12,4,19,28,23,0
"2012-05-24",8,12,5,17,7,7,3,9,26,21,1
"2012-05-25",13,15,8,19,8,12,7,14,25,26,0
"2012-05-29",14,5,5,22,4,10,3,11,23,16,1
"2012-05-30",8,8,4,13,7,8,3,19,16,28,0
"2012-05-31",9,9,4,15,6,9,5,13,19,14,0
"2012-06-01",15,12,12,23,8,23,10,16,40,22,0
"2012-06-04",12,14,5,17,8,11,5,14,20,24,0
"2012-06-05",15,8,4,18,5,14,3,13,25,26,1
"2012-06-06",23,15,10,26,9,19,6,30,35,28,1
"2012-06-07",11,12,9,15,7,12,7,13,26,14,1
"2012-06-08",14,10,8,20,8,14,6,12,26,22,1
"2012-06-11",14,6,3,20,6,8,4,11,24,16,0
"2012-06-12",9,8,3,14,8,5,5,12,18,14,1
"2012-06-13",10,14,5,18,10,8,8,21,25,30,0
"2012-06-14",5,11,2,13,10,8,7,17,17,22,1
"2012-06-15",12,13,9,15,8,10,4,13,25,17,1
"2012-06-18",14,15,5,17,11,14,10,22,30,38,0
"2012-06-19",12,7,2,19,4,12,10,7,29,12,1
"2012-06-20",24,15,13,30,11,15,5,24,39,31,0
"2012-06-21",23,16,7,32,10,17,6,27,44,35,0
"2012-06-22",14,10,4,19,7,10,5,14,29,23,1
"2012-06-25",7,11,5,15,6,9,1,21,16,18,0
"2012-06-26",13,13,5,27,6,13,8,10,33,12,1
"2012-06-27",12,15,4,17,10,10,6,16,25,22,1
"2012-06-28",10,10,5,17,4,10,2,15,20,23,0
"2012-06-29",12,10,8,27,6,16,5,10,31,22,1
"2012-07-02",13,16,6,22,9,13,5,19,25,24,0
"2012-07-03",14,9,6,16,6,10,4,11,23,19,1
"2012-07-05",8,13,1,13,12,5,5,23,19,28,0
"2012-07-06",9,13,5,16,7,10,6,11,25,24,0
"2012-07-09",18,8,9,21,5,14,4,20,29,28,0
"2012-07-10",12,10,6,15,12,8,5,19,25,17,0
"2012-07-11",17,10,10,25,8,17,6,16,31,22,0
"2012-07-12",11,14,9,21,12,16,5,11,30,31,0
"2012-07-13",15,10,5,18,4,15,6,17,28,19,1
"2012-07-16",19,15,11,27,7,14,9,14,34,18,0
"2012-07-17",19,9,10,21,6,12,5,12,28,19,1
"2012-07-18",11,8,5,16,6,8,3,14,17,19,1
"2012-07-19",12,15,5,21,11,12,7,22,28,25,1
"2012-07-20",15,3,5,21,2,11,8,11,29,13,0
"2012-07-23",18,7,9,22,7,15,3,16,38,25,0
"2012-07-24",26,12,13,30,10,18,13,16,37,31,0
"2012-07-25",9,5,5,11,6,8,2,13,18,18,1
"2012-07-26",24,14,14,28,9,24,9,19,42,21,1
"2012-07-27",14,11,6,20,7,13,5,13,25,20,1
"2012-07-30",16,11,8,18,9,11,4,17,31,28,0
"2012-07-31",11,14,5,15,10,9,5,17,25,26,0
"2012-08-01",12,11,3,14,5,12,5,10,22,20,0
"2012-08-02",11,10,7,16,10,13,6,23,24,29,0
"2012-08-03",14,16,4,15,15,11,6,24,26,35,1
"2012-08-06",25,20,8,28,8,15,7,19,42,32,1
"2012-08-07",18,13,6,24,11,11,5,19,29,26,1
"2012-08-08",12,10,5,16,10,8,6,18,23,19,1
"2012-08-09",12,12,7,21,10,9,4,15,30,31,0
"2012-08-10",12,16,6,17,10,5,5,22,25,28,1
"2012-08-13",10,8,6,10,4,6,2,15,16,19,0
"2012-08-14",18,9,6,19,8,13,3,18,28,22,1
"2012-08-15",13,11,7,13,5,11,6,9,22,17,0
"2012-08-16",17,5,5,24,1,8,4,8,25,12,1
"2012-08-17",11,9,4,13,5,6,6,18,30,17,1
"2012-08-20",24,17,10,22,8,14,7,12,33,19,0
"2012-08-21",15,8,7,20,6,12,3,9,29,23,0
"2012-08-22",13,10,6,20,4,12,7,18,33,31,0
"2012-08-23",18,12,5,21,7,7,7,18,29,22,0
"2012-08-24",17,14,9,19,7,13,4,17,34,21,1
"2012-08-27",14,11,6,22,6,19,5,21,34,21,0
"2012-08-28",12,14,6,20,7,10,6,14,25,26,0
"2012-08-29",13,12,5,17,10,18,6,22,26,30,1
"2012-08-30",21,7,12,21,6,16,11,15,33,16,0
"2012-08-31",18,9,5,19,8,12,5,10,27,22,1
"2012-09-04",14,8,5,17,7,9,5,12,26,23,0
"2012-09-05",9,6,7,14,5,8,3,14,27,18,1
"2012-09-06",12,8,10,20,5,14,5,16,28,24,1
"2012-09-07",10,7,5,19,2,11,8,13,28,21,1
"2012-09-10",18,14,8,27,10,19,7,14,40,27,0
"2012-09-11",10,9,3,16,4,9,5,15,27,19,1
"2012-09-12",16,9,5,20,5,8,7,8,25,18,1
"2012-09-13",9,4,2,8,1,4,1,13,11,23,1
"2012-09-14",8,4,1,6,4,3,2,11,16,9,1
"2012-09-17",15,8,5,17,6,11,5,8,25,16,0
"2012-09-18",10,18,7,10,17,11,10,23,18,36,1
"2012-09-19",12,10,10,17,7,9,4,13,21,22,1
"2012-09-20",17,19,6,20,9,13,6,16,31,18,1
"2012-09-21",9,14,2,13,10,6,4,15,20,19,0
"2012-09-24",15,9,6,16,6,8,3,19,25,23,0
"2012-09-25",12,7,2,10,4,7,2,13,22,21,0
"2012-09-26",19,8,10,15,5,9,3,14,25,20,0
"2012-09-27",16,10,10,15,10,13,5,23,34,25,1
"2012-09-28",10,10,4,8,4,6,5,13,16,24,0
"2012-10-01",16,12,5,24,7,19,5,15,37,20,1
"2012-10-02",13,16,8,16,9,8,4,20,25,29,0
"2012-10-03",18,7,8,20,3,8,4,12,26,14,1
"2012-10-04",10,7,4,13,4,8,4,11,20,17,1
"2012-10-05",17,8,7,20,10,9,6,12,28,24,1
"2012-10-08",14,11,4,15,5,13,8,13,24,15,0
"2012-10-09",18,8,6,20,6,12,8,19,21,22,0
"2012-10-10",18,14,5,20,6,16,9,11,29,20,0
"2012-10-11",12,9,5,19,8,14,3,16,24,16,0
"2012-10-12",15,12,5,17,13,13,9,18,23,21,1
"2012-10-15",16,13,7,19,9,15,9,22,35,25,1
"2012-10-16",15,11,3,18,6,11,5,14,29,20,1
"2012-10-17",15,13,7,20,8,18,7,16,34,30,1
"2012-10-18",16,12,7,20,6,15,8,16,28,22,0
"2012-10-19",15,6,5,13,3,8,6,13,19,14,0
"2012-10-22",20,11,7,22,4,17,6,12,29,24,1
"2012-10-23",18,8,8,20,3,14,8,17,31,16,0
"2012-10-24",10,15,5,17,10,9,4,13,23,19,0
"2012-10-25",19,11,7,26,7,17,4,19,31,22,1
"2012-10-26",26,13,10,32,8,22,6,18,45,31,1
"2012-10-31",14,15,6,14,8,14,7,18,21,26,0
"2012-11-01",19,10,7,25,5,17,9,14,34,21,1
"2012-11-02",13,8,8,15,9,12,5,8,28,15,0
"2012-11-05",14,10,7,20,6,10,5,18,30,18,1
"2012-11-06",16,14,7,18,10,5,6,16,23,31,1
"2012-11-07",10,10,4,12,7,7,7,25,22,29,0
"2012-11-08",13,15,13,15,10,12,7,18,32,24,0
"2012-11-09",17,11,7,17,8,10,6,17,28,25,1
"2012-11-12",19,18,11,20,17,14,11,19,32,35,0
"2012-11-13",19,12,9,21,8,13,8,15,32,29,0
"2012-11-14",14,9,6,18,6,9,5,13,21,19,0
"2012-11-15",10,6,9,19,3,15,4,5,29,9,0
"2012-11-16",19,11,10,20,4,12,4,18,31,29,1
"2012-11-19",17,13,14,26,3,21,4,13,37,27,1
"2012-11-20",23,15,12,28,5,18,6,17,35,18,0
"2012-11-21",21,9,9,32,6,18,6,9,35,17,1
"2012-11-23",12,4,6,19,3,8,5,11,24,12,1
"2012-11-26",20,21,10,23,16,17,11,22,43,30,0
"2012-11-27",23,15,11,28,8,17,7,17,40,22,0
"2012-11-28",13,15,7,20,7,11,5,18,29,22,1
"2012-11-29",19,16,7,24,7,13,6,20,34,24,1
"2012-11-30",13,7,6,15,6,9,5,17,24,25,1
"2012-12-03",15,8,2,16,8,10,9,22,20,30,0
"2012-12-04",15,12,4,18,7,11,4,18,22,21,0
"2012-12-05",14,13,4,24,8,9,6,14,26,21,1
"2012-12-06",16,11,7,20,11,13,8,11,32,23,1
"2012-12-07",15,7,4,21,6,13,6,13,28,19,1
"2012-12-10",20,8,11,21,4,18,3,16,33,22,1
"2012-12-11",15,12,4,23,8,10,5,18,24,19,1
"2012-12-12",6,4,1,6,4,3,2,11,14,11,0
"2012-12-13",19,18,10,26,10,18,5,17,37,21,0
"2012-12-14",15,8,7,20,2,10,3,10,28,12,0
"2012-12-17",16,11,5,22,8,15,11,13,26,16,1
"2012-12-18",15,9,6,16,5,10,3,8,26,14,1
"2012-12-19",20,15,9,25,8,17,6,12,32,28,0
"2012-12-20",15,13,7,22,6,13,3,12,29,21,1
"2012-12-21",13,15,5,18,10,13,1,17,24,23,0
"2012-12-24",14,9,4,18,3,8,5,10,25,19,0
"2012-12-26",19,13,5,19,12,12,5,19,33,30,0
"2012-12-27",11,11,10,17,4,10,5,13,28,18,0
"2012-12-28",19,16,10,26,11,14,10,22,28,30,0
"2012-12-31",19,12,3,24,11,14,8,23,32,27,1
"2013-01-02",23,7,8,26,5,11,7,12,28,23,1
"2013-01-03",12,7,10,14,4,10,1,10,23,15,0
"2013-01-04",20,11,11,25,4,17,5,17,39,16,1
"2013-01-07",12,5,5,18,7,10,1,14,27,23,0
"2013-01-08",10,7,3,7,6,6,4,7,16,18,0
"2013-01-09",13,13,10,17,8,15,3,14,26,17,1
"2013-01-10",17,18,12,31,10,18,11,18,37,24,1
"2013-01-11",11,13,6,22,5,14,9,12,24,25,1
"2013-01-14",21,8,10,23,1,17,5,11,34,16,1
"2013-01-15",19,14,10,21,6,12,5,17,33,27,1
"2013-01-16",11,9,6,12,8,9,4,13,18,18,0
"2013-01-17",15,4,2,18,4,8,2,11,18,14,1
"2013-01-18",14,12,7,15,8,6,3,12,22,19,1
"2013-01-22",16,10,6,16,7,10,5,14,29,27,1
"2013-01-23",11,17,6,21,7,13,3,12,24,21,1
"2013-01-24",24,16,8,33,6,16,6,15,39,22,1
"2013-01-25",12,10,4,14,11,5,4,14,19,28,1
"2013-01-28",12,7,5,21,4,15,6,12,29,21,0
"2013-01-29",9,11,6,17,10,7,3,13,22,19,1
"2013-01-30",21,14,14,28,13,19,5,22,37,27,0
"2013-01-31",17,7,8,20,4,8,2,16,22,19,0
"2013-02-01",13,9,6,23,6,15,10,15,26,15,1
"2013-02-04",10,14,8,12,6,6,4,14,20,24,0
"2013-02-05",19,5,6,22,4,14,5,8,27,18,1
"2013-02-06",11,8,2,12,8,7,4,13,21,14,1
"2013-02-07",10,9,4,17,6,8,6,13,20,24,0
"2013-02-08",20,8,9,25,7,18,9,8,32,14,1
"2013-02-11",14,6,7,23,7,10,4,16,25,21,0
"2013-02-12",14,11,6,26,7,17,12,17,32,23,1
"2013-02-13",14,12,7,23,9,20,6,23,30,18,0
"2013-02-14",11,5,5,18,3,5,4,11,23,18,0
"2013-02-15",14,11,9,21,7,11,7,17,28,20,1
"2013-02-19",10,10,5,11,7,10,4,18,20,16,1
"2013-02-20",14,12,12,20,5,18,5,10,30,21,0
"2013-02-21",22,15,10,24,6,17,7,15,36,27,0
"2013-02-22",18,11,7,17,6,11,5,13,27,18,1
"2013-02-25",12,19,5,16,8,9,4,17,29,26,0
"2013-02-26",19,9,7,23,10,10,5,23,24,28,1
"2013-02-27",23,11,18,28,6,18,5,12,39,15,1
"2013-02-28",10,6,4,15,3,6,5,9,19,9,0
"2013-03-01",9,5,7,11,5,6,3,12,23,16,1
"2013-03-04",3,4,5,10,6,2,4,10,12,17,1
"2013-03-05",16,12,11,15,11,17,6,23,29,23,1
"2013-03-06",12,8,7,14,6,7,4,10,23,18,1
"2013-03-07",16,11,6,20,6,12,3,14,27,19,1
"2013-03-08",11,11,3,12,8,6,2,21,14,26,1
"2013-03-11",12,9,8,25,8,12,5,16,29,20,1
"2013-03-12",18,10,6,20,9,15,3,17,32,26,1
"2013-03-13",16,17,7,17,7,7,5,12,27,19,1
"2013-03-14",9,8,6,16,5,9,1,15,21,24,1
"2013-03-15",15,13,12,25,7,14,7,19,30,25,0
"2013-03-18",14,7,5,22,7,15,6,11,27,17,0
"2013-03-19",14,13,8,24,8,14,5,20,26,26,1
"2013-03-20",15,8,9,19,4,15,6,17,22,22,1
"2013-03-21",17,17,6,18,12,9,8,23,24,38,0
"2013-03-22",9,7,1,10,5,5,0,13,12,15,1
"2013-03-25",14,11,5,21,7,9,5,14,28,21,0
"2013-03-26",14,13,7,17,6,10,5,14,23,17,1
"2013-03-27",12,12,8,19,6,8,6,18,23,21,0
"2013-03-28",10,9,6,15,7,12,4,10,27,20,1
"2013-04-01",13,7,4,15,2,10,2,10,21,19,0
"2013-04-02",15,15,7,16,7,11,7,16,24,21,1
"2013-04-03",12,13,5,25,8,9,6,15,21,22,0
"2013-04-04",10,11,1,17,6,6,6,20,24,19,1
"2013-04-05",10,9,3,11,9,9,3,14,17,22,0
"2013-04-08",7,8,2,11,3,7,2,10,22,17,1
"2013-04-09",15,12,8,22,3,12,6,9,22,10,1
"2013-04-10",8,10,3,17,3,7,4,14,13,17,1
"2013-04-11",9,13,5,21,8,8,6,19,21,29,1
"2013-04-12",12,14,8,15,10,9,4,15,23,15,0
"2013-04-15",15,8,6,11,6,13,4,16,25,27,0
"2013-04-16",9,15,6,18,6,12,5,14,23,14,1
"2013-04-17",18,8,6,20,5,10,8,9,31,12,0
"2013-04-18",18,12,7,31,6,13,1,15,35,24,0
"2013-04-19",17,20,8,23,16,17,12,24,27,32,1
"2013-04-22",12,6,7,18,6,10,4,17,21,20,1
"2013-04-23",12,9,4,11,8,6,5,16,18,23,1
"2013-04-24",14,15,11,23,7,13,5,16,31,25,0
"2013-04-25",17,7,5,16,4,11,1,10,27,16,1
"2013-04-26",23,12,10,28,8,17,9,18,37,28,1
"2013-04-29",14,7,7,19,8,11,4,16,31,26,1
"2013-04-30",9,6,1,13,5,6,3,10,15,15,1
"2013-05-01",12,10,11,17,8,13,7,18,27,21,0
"2013-05-02",19,10,9,21,6,17,6,19,27,24,1
"2013-05-03",14,17,8,24,9,14,7,18,31,25,1
"2013-05-06",19,20,8,22,15,16,4,27,31,35,0
"2013-05-07",18,5,5,23,5,20,6,12,36,17,1
"2013-05-08",5,7,4,6,6,5,6,11,15,18,1
"2013-05-09",18,12,3,23,8,10,6,17,28,20,0
"2013-05-10",15,10,5,18,7,13,3,17,29,23,1
"2013-05-13",13,10,13,19,4,13,4,7,28,18,0
"2013-05-14",9,10,7,11,12,11,9,14,19,25,1
"2013-05-15",14,13,8,20,6,13,5,15,25,22,1
"2013-05-16",14,13,5,20,11,10,2,21,27,21,0
"2013-05-17",16,10,9,27,5,17,6,13,31,21,1
"2013-05-20",9,7,4,9,4,6,3,16,17,21,0
"2013-05-21",9,11,6,18,11,13,5,24,19,26,1
"2013-05-22",15,8,9,15,6,13,7,16,27,20,0
"2013-05-23",23,9,9,23,6,12,4,18,29,25,0
"2013-05-24",15,17,5,23,12,11,9,16,27,27,1
"2013-05-28",17,14,13,30,7,19,3,14,32,31,1
"2013-05-29",21,13,7,20,3,17,5,16,29,21,0
"2013-05-30",19,14,12,29,13,19,10,17,31,28,1
"2013-05-31",12,13,11,21,6,12,4,18,27,30,0
"2013-06-03",18,11,5,19,5,16,6,14,30,21,1
"2013-06-04",16,5,6,16,3,7,5,12,21,18,0
"2013-06-05",13,8,6,16,4,5,5,9,17,15,0
"2013-06-06",12,14,4,18,11,7,7,18,25,24,1
"2013-06-07",10,6,2,14,5,7,6,14,21,16,1
"2013-06-10",11,9,6,15,4,11,5,12,25,15,0
"2013-06-11",9,7,2,19,4,11,5,15,18,20,0
"2013-06-12",17,8,4,16,5,11,4,12,27,22,0
"2013-06-13",12,12,5,20,3,9,4,13,20,22,1
"2013-06-14",14,14,4,16,9,9,2,20,25,24,0
"2013-06-17",10,8,5,14,4,7,1,19,22,21,1
"2013-06-18",7,10,4,12,5,9,1,15,17,22,1
"2013-06-19",13,16,4,23,5,18,5,16,36,14,0
"2013-06-20",18,7,9,22,3,16,3,14,31,21,0
"2013-06-21",8,8,4,11,6,8,5,12,17,17,1
"2013-06-24",12,12,7,23,8,10,5,11,25,15,0
"2013-06-25",14,11,6,17,5,11,6,17,28,23,1
"2013-06-26",6,19,2,8,9,12,8,14,18,22,1
"2013-06-27",10,10,6,19,7,16,2,15,30,25,1
"2013-06-28",9,20,6,21,9,6,8,20,21,29,0
"2013-07-01",11,10,6,12,7,8,5,21,15,28,1
"2013-07-02",14,11,6,20,6,14,3,18,30,30,0
"2013-07-03",11,11,6,16,8,11,3,14,27,15,1
"2013-07-05",8,10,1,13,7,5,6,14,15,21,1
"2013-07-08",6,5,5,11,5,8,6,13,16,17,1
"2013-07-09",12,12,9,17,8,11,6,14,30,21,1
"2013-07-10",17,9,8,24,5,14,8,19,32,18,0
"2013-07-11",13,10,13,15,5,10,1,15,29,23,1
"2013-07-12",8,17,4,15,11,7,7,15,23,23,1
"2013-07-15",11,10,6,19,8,11,6,17,22,25,1
"2013-07-16",8,5,9,20,4,12,3,13,26,21,0
"2013-07-17",9,8,6,19,7,10,4,19,26,17,1
"2013-07-18",22,10,10,22,5,17,5,13,38,18,1
"2013-07-19",10,10,2,18,5,9,5,11,24,18,0
"2013-07-22",12,12,9,23,11,12,5,19,30,29,1
"2013-07-23",9,11,10,24,7,14,7,14,32,20,1
"2013-07-24",13,14,8,25,9,10,3,16,25,27,0
"2013-07-25",13,8,11,20,7,16,10,21,29,25,1
"2013-07-26",18,14,6,20,6,9,2,21,28,20,1
"2013-07-29",14,11,7,19,7,13,7,19,28,26,0
"2013-07-30",13,16,5,20,8,14,6,18,35,27,0
"2013-07-31",27,9,10,28,6,24,7,20,37,29,0
"2013-08-01",16,15,8,16,9,14,10,21,34,26,1
"2013-08-02",19,16,10,28,8,14,6,30,37,25,1
"2013-08-05",8,7,1,12,4,5,4,11,18,22,0
"2013-08-06",9,13,6,19,7,11,5,21,18,22,0
"2013-08-07",14,13,5,21,8,11,5,8,25,23,0
"2013-08-08",15,5,7,14,5,16,2,12,21,20,1
"2013-08-09",16,13,9,30,4,16,6,26,40,28,0
"2013-08-12",17,13,8,24,11,14,8,24,26,29,0
"2013-08-13",9,13,1,16,9,10,7,21,27,23,1
"2013-08-14",13,6,6,25,4,13,6,10,23,19,0
"2013-08-15",8,12,11,18,5,7,4,15,25,20,0
"2013-08-16",11,11,7,14,4,9,5,18,25,20,0
"2013-08-19",15,11,10,27,7,13,11,19,30,23,0
"2013-08-20",14,15,9,25,7,15,8,14,31,26,0
"2013-08-21",11,8,4,22,5,12,2,17,33,21,0
"2013-08-22",19,11,10,26,5,15,3,16,32,23,1
"2013-08-23",19,10,8,29,8,17,8,22,28,27,1
"2013-08-26",15,14,7,25,7,12,3,25,33,37,0
"2013-08-27",7,8,2,10,2,4,4,13,13,17,0
"2013-08-28",9,8,2,9,3,5,3,14,12,22,1
"2013-08-29",20,13,9,26,8,12,7,16,35,26,1
"2013-08-30",10,10,2,15,4,14,5,15,27,18,0
"2013-09-03",13,13,5,16,8,5,4,16,18,24,1
"2013-09-04",14,11,2,15,7,13,3,16,30,26,1
"2013-09-05",13,11,7,19,10,9,5,19,21,30,1
"2013-09-06",9,6,4,14,5,4,2,11,19,16,0
"2013-09-09",15,14,4,22,9,8,5,22,28,21,1
"2013-09-10",14,11,8,20,7,11,5,16,22,18,1
"2013-09-11",19,14,12,19,12,13,7,20,32,28,1
"2013-09-12",6,7,3,6,5,3,1,13,12,21,0
"2013-09-13",13,15,6,20,8,13,3,19,21,23,1
"2013-09-16",8,8,3,10,9,4,4,16,11,25,1
"2013-09-17",11,8,8,20,6,8,11,14,28,24,1
"2013-09-18",9,10,5,15,7,9,5,14,18,26,1
"2013-09-19",16,9,8,22,8,15,8,18,31,23,0
"2013-09-20",11,10,8,16,4,13,7,11,23,13,0
"2013-09-23",13,12,6,20,5,16,2,13,26,18,0
"2013-09-24",17,6,4,19,4,8,2,12,25,19,0
"2013-09-25",16,17,7,24,9,17,5,17,30,28,0
"2013-09-26",17,10,11,23,6,12,8,18,31,22,1
"2013-09-27",14,15,9,19,11,16,10,15,28,23,0
"2013-09-30",16,10,5,19,6,9,6,12,26,19,0
"2013-10-01",13,7,7,19,4,11,3,12,23,13,1
"2013-10-02",11,14,6,23,12,13,4,20,25,21,0
"2013-10-03",8,10,4,20,5,11,3,7,22,17,0
"2013-10-04",19,20,7,25,9,15,7,20,33,26,1
"2013-10-07",11,14,7,22,17,12,10,25,30,27,0
"2013-10-08",10,13,1,16,7,11,3,16,21,26,0
"2013-10-09",14,11,10,29,8,16,9,15,30,30,1
"2013-10-10",12,6,2,15,4,14,4,16,20,18,1
"2013-10-11",16,15,3,19,11,9,5,19,23,27,1
"2013-10-14",10,18,7,16,11,9,7,20,21,32,1
"2013-10-15",12,13,4,14,9,11,6,24,18,27,0
"2013-10-16",11,14,2,13,6,8,9,20,15,26,1
"2013-10-17",16,12,14,28,10,20,5,14,30,26,0
"2013-10-18",19,10,7,26,5,12,4,14,30,16,1
"2013-10-21",8,6,4,17,5,11,4,12,27,16,0
"2013-10-22",12,19,7,21,9,14,11,16,28,22,1
"2013-10-23",16,16,7,20,6,5,6,17,28,20,0
"2013-10-24",17,9,8,22,8,15,2,22,31,23,1
"2013-10-25",7,10,2,13,11,10,3,13,26,20,1
"2013-10-28",10,8,6,12,5,7,5,15,23,13,0
"2013-10-29",14,8,8,17,4,10,2,15,26,16,1
"2013-10-30",6,7,3,14,9,9,4,17,20,23,0
"2013-10-31",13,7,6,13,4,8,7,18,28,20,0
"2013-11-01",13,10,5,22,7,8,2,22,21,18,1
"2013-11-04",9,6,3,16,4,6,4,16,21,24,1
"2013-11-05",14,9,7,25,6,11,6,11,28,17,0
"2013-11-06",11,12,5,20,7,13,5,11,22,19,1
"2013-11-07",14,9,11,26,4,15,4,18,33,19,0
"2013-11-08",12,10,6,16,8,7,10,21,22,23,1
"2013-11-11",10,13,7,13,9,8,4,23,23,28,1
"2013-11-12",10,8,6,18,5,10,2,13,30,21,0
"2013-11-13",19,11,6,17,6,10,2,18,26,27,1
"2013-11-14",14,6,11,24,5,12,5,16,28,16,1
"2013-11-15",17,12,7,21,10,11,9,21,31,28,1
"2013-11-18",15,10,10,20,5,13,4,12,30,17,1
"2013-11-19",14,14,11,22,9,16,7,20,30,28,0
"2013-11-20",11,8,6,17,9,11,3,22,24,34,0
"2013-11-21",11,6,5,18,7,10,8,18,25,24,1
"2013-11-22",18,14,11,22,6,16,10,15,38,22,1
"2013-11-25",17,17,6,24,11,15,8,15,32,23,1
"2013-11-26",15,12,8,27,9,19,6,20,36,33,1
"2013-11-27",22,10,10,27,10,20,9,19,35,27,1
"2013-11-29",22,12,10,26,8,14,8,14,30,22,0
"2013-12-02",13,11,6,16,8,12,8,14,25,28,0
"2013-12-03",17,15,12,24,2,9,3,11,26,16,0
"2013-12-04",9,5,8,16,6,14,8,20,22,27,0
"2013-12-05",15,8,9,20,8,9,2,20,26,18,0
"2013-12-06",12,5,7,18,7,10,2,18,22,20,1
"2013-12-09",10,6,7,13,2,5,4,10,21,18,1
"2013-12-10",11,9,7,15,3,9,3,15,21,22,0
"2013-12-11",8,18,9,16,6,11,6,15,22,21,0
"2013-12-12",17,14,9,19,10,11,6,22,31,25,0
"2013-12-13",20,11,7,26,5,16,4,16,33,18,1
"2013-12-16",15,16,8,19,6,9,7,15,25,15,1
"2013-12-17",19,16,5,22,11,13,8,20,33,36,0
"2013-12-18",13,11,11,23,4,13,3,24,30,26,1
"2013-12-19",9,19,9,14,12,8,8,25,14,32,1
"2013-12-20",15,9,6,18,8,9,6,12,24,17,1
"2013-12-23",19,10,9,25,6,18,8,15,33,26,1
"2013-12-24",11,10,9,20,5,10,4,12,33,19,1
"2013-12-26",6,8,6,18,7,9,5,11,20,15,1
"2013-12-27",9,6,6,21,4,9,5,13,26,17,0
"2013-12-30",16,12,9,24,6,16,7,15,28,19,1
"2013-12-31",12,7,10,16,4,11,1,15,21,16,1
"2014-01-02",18,11,8,24,10,11,4,19,24,22,0
"2014-01-03",16,13,6,27,4,14,5,12,30,15,1
"2014-01-06",10,4,7,18,1,12,5,12,22,13,0
"2014-01-07",9,9,8,15,5,9,4,12,18,21,1
"2014-01-08",13,15,7,25,10,13,7,20,28,28,0
"2014-01-09",15,7,5,20,7,12,7,20,25,20,0
"2014-01-10",13,10,8,24,4,16,5,16,33,26,0
"2014-01-13",14,13,9,19,8,12,7,20,26,28,0
"2014-01-14",9,15,3,16,8,9,5,22,17,21,1
"2014-01-15",10,9,5,16,4,10,5,11,23,17,1
"2014-01-16",11,12,6,17,11,10,2,19,22,22,0
"2014-01-17",10,11,6,16,4,11,3,12,24,17,1
"2014-01-21",18,8,11,22,3,14,4,17,30,25,0
"2014-01-22",8,12,6,16,12,11,5,19,23,24,0
"2014-01-23",15,8,11,15,5,9,4,15,27,17,0
"2014-01-24",12,13,9,20,11,10,4,14,23,30,0
"2014-01-27",15,8,11,24,7,16,7,11,28,23,0
"2014-01-28",9,12,7,15,11,8,5,25,21,32,1
"2014-01-29",7,13,6,15,10,10,5,21,27,21,0
"2014-01-30",16,9,8,17,4,10,5,14,27,19,1
"2014-01-31",16,11,5,16,8,8,6,9,35,21,0
"2014-02-03",18,7,5,22,4,12,6,15,36,19,0
"2014-02-04",14,13,11,19,13,15,4,18,27,35,1
"2014-02-05",18,14,8,21,11,12,3,20,31,28,0
"2014-02-06",16,12,13,19,9,14,5,22,28,21,1
"2014-02-07",15,14,8,18,6,9,6,17,26,23,1
"2014-02-10",14,17,9,21,7,13,6,14,28,22,1
"2014-02-11",12,8,7,22,7,13,8,16,31,25,1
"2014-02-12",18,13,10,20,11,13,4,26,36,35,0
"2014-02-13",13,5,9,18,3,12,2,16,25,16,1
"2014-02-14",11,11,5,20,13,9,5,22,22,30,1
"2014-02-18",17,8,11,23,3,11,5,19,32,19,0
"2014-02-19",14,6,5,17,1,8,4,13,22,14,0
"2014-02-20",12,8,5,20,9,12,6,19,30,27,1
"2014-02-21",20,8,10,26,5,17,8,18,31,20,0
"2014-02-24",20,10,5,27,8,14,2,16,31,20,1
"2014-02-25",10,11,3,10,9,9,7,19,21,19,0
"2014-02-26",8,5,6,13,4,11,2,8,20,21,1
"2014-02-27",13,11,3,17,8,9,4,18,21,25,1
"2014-02-28",10,8,5,17,4,11,3,17,24,18,1
"2014-03-03",9,7,3,15,4,7,4,14,23,23,0
"2014-03-04",10,7,5,15,5,5,4,11,25,18,1
"2014-03-05",12,8,4,15,5,10,3,16,24,29,0
"2014-03-06",9,11,4,15,3,10,3,12,19,26,1
"2014-03-07",12,8,11,18,4,9,4,11,23,16,1
"2014-03-10",13,10,6,15,5,10,3,13,20,17,0
"2014-03-11",9,6,6,19,5,12,7,13,22,20,0
"2014-03-12",9,9,5,19,6,12,3,11,23,15,0
"2014-03-13",6,8,2,16,6,6,3,15,16,25,0
"2014-03-14",14,9,5,20,3,15,5,14,25,14,0
"2014-03-17",7,9,6,15,7,10,7,15,23,21,1
"2014-03-18",8,11,0,8,6,5,3,19,12,23,1
"2014-03-19",17,13,9,19,9,15,11,21,24,24,0
"2014-03-20",8,13,6,17,6,5,3,22,21,35,1
"2014-03-21",14,12,6,14,5,9,4,19,24,24,0
"2014-03-24",6,9,1,10,3,5,2,12,12,12,0
"2014-03-25",13,12,11,15,3,11,1,8,24,10,1
"2014-03-26",13,17,7,20,12,15,7,20,32,32,0
"2014-03-27",13,10,6,18,4,14,8,14,24,19,0
"2014-03-28",6,8,3,17,2,7,1,11,18,10,1
"2014-03-31",11,13,7,17,8,11,7,17,15,20,1
"2014-04-01",16,13,9,13,6,9,5,16,30,18,1
"2014-04-02",15,16,3,20,7,10,10,21,30,31,1
"2014-04-03",12,9,6,16,11,11,5,17,19,23,0
"2014-04-04",10,7,6,20,3,11,1,16,23,16,0
"2014-04-07",10,6,5,14,4,9,0,14,19,17,0
"2014-04-08",16,13,14,23,9,16,10,24,33,28,1
"2014-04-09",10,8,5,11,5,9,3,14,25,16,1
"2014-04-10",20,8,14,28,8,19,9,17,41,21,0
"2014-04-11",12,10,7,16,9,9,7,18,27,26,0
"2014-04-14",15,13,6,20,10,10,8,14,28,24,1
"2014-04-15",7,4,2,11,6,6,1,17,15,21,1
"2014-04-16",14,5,8,14,2,8,4,6,24,13,1
"2014-04-17",11,9,2,14,3,5,5,14,14,14,0
"2014-04-21",14,11,11,19,11,14,4,17,32,24,1
"2014-04-22",16,8,12,20,5,14,6,17,33,19,1
"2014-04-23",10,7,6,17,5,8,6,13,20,16,0
"2014-04-24",12,13,3,12,4,11,4,12,22,17,0
"2014-04-25",8,7,4,17,2,10,4,8,32,14,0
"2014-04-28",11,11,3,15,7,9,7,14,24,17,1
"2014-04-29",11,5,4,12,2,8,4,15,18,15,1
"2014-04-30",13,4,4,23,6,7,2,14,21,20,1
"2014-05-01",16,11,9,18,7,14,6,18,28,21,0
"2014-05-02",11,7,5,18,8,10,4,21,22,20,0
"2014-05-05",8,7,5,15,3,10,7,9,18,16,1
"2014-05-06",19,14,9,23,7,13,4,15,32,18,0
"2014-05-07",12,13,9,16,7,10,3,17,21,14,1
"2014-05-08",10,6,4,17,3,6,3,13,13,17,1
"2014-05-09",8,8,6,9,6,7,6,9,14,15,1
"2014-05-12",12,12,5,18,7,6,9,17,23,19,1
"2014-05-13",13,17,6,24,10,17,12,21,25,27,1
"2014-05-14",12,8,5,13,3,9,4,14,21,18,0
"2014-05-15",12,7,6,12,4,6,3,16,17,18,0
"2014-05-16",14,10,7,21,4,16,9,13,24,17,1
"2014-05-19",7,9,7,9,5,8,4,13,19,17,1
"2014-05-20",14,13,9,19,9,7,6,24,23,23,0
"2014-05-21",13,12,6,16,10,12,6,18,24,32,1
"2014-05-22",17,11,7,28,6,17,6,16,35,25,1
"2014-05-23",16,10,9,20,6,15,8,11,28,16,1
"2014-05-27",8,12,2,16,7,7,4,15,19,26,1
"2014-05-28",11,12,5,18,5,8,7,19,21,22,0
"2014-05-29",13,13,6,16,8,9,6,18,24,20,1
"2014-05-30",13,11,4,19,4,9,4,13,20,16,1
"2014-06-02",7,11,3,14,6,4,3,11,14,21,1
"2014-06-03",15,15,4,18,12,10,5,18,31,30,0
"2014-06-04",13,6,7,20,3,7,3,15,22,25,1
"2014-06-05",9,9,7,13,4,6,3,13,18,19,1
"2014-06-06",13,5,3,20,3,10,5,12,20,16,1
"2014-06-09",15,16,6,27,7,9,5,15,29,27,1
"2014-06-10",10,10,5,17,7,10,5,15,20,22,1
"2014-06-11",14,11,3,17,5,10,2,15,27,21,0
"2014-06-12",14,9,9,17,3,14,6,10,27,16,0
"2014-06-13",9,5,4,15,6,4,3,11,17,16,1
"2014-06-16",12,12,7,18,7,15,3,19,24,25,1
"2014-06-17",5,4,3,11,4,6,3,19,13,19,1
"2014-06-18",11,11,7,21,6,8,5,9,27,18,1
"2014-06-19",7,14,7,18,6,10,2,19,26,23,1
"2014-06-20",5,12,5,12,4,4,2,15,18,19,1
"2014-06-23",13,8,5,16,6,9,3,12,23,19,0
"2014-06-24",15,11,10,18,8,14,5,18,30,21,0
"2014-06-25",15,13,7,24,8,14,8,18,35,30,1
"2014-06-26",12,11,7,20,5,4,5,17,26,25,0
"2014-06-27",9,7,3,16,3,7,3,8,21,13,1
"2014-06-30",16,9,6,24,9,14,7,22,29,25,0
"2014-07-01",8,16,1,15,8,5,4,16,16,30,1
"2014-07-02",18,14,6,26,6,12,2,14,29,19,1
"2014-07-03",13,10,5,19,8,9,2,18,27,28,1
"2014-07-07",15,14,6,21,6,10,1,15,28,20,0
"2014-07-08",12,7,7,17,5,8,3,19,25,21,0
"2014-07-09",14,7,4,18,7,10,7,10,25,17,1
"2014-07-10",8,11,4,16,5,10,3,19,21,24,0
"2014-07-11",9,12,7,21,7,9,4,10,29,17,1
"2014-07-14",10,7,5,13,5,9,3,9,20,17,1
"2014-07-15",14,11,6,18,6,8,4,11,27,23,1
"2014-07-16",12,6,4,20,3,11,4,13,20,17,1
"2014-07-17",11,13,9,19,8,11,3,16,20,19,0
"2014-07-18",8,10,5,15,5,9,4,16,17,17,1
"2014-07-21",16,12,6,23,5,19,6,9,27,17,0
"2014-07-22",7,7,4,9,6,11,4,13,18,16,1
"2014-07-23",19,6,4,22,5,14,8,13,30,17,0
"2014-07-24",8,8,5,16,5,10,3,18,22,23,0
"2014-07-25",13,11,5,24,6,13,2,16,24,16,0
"2014-07-28",7,10,3,11,8,4,4,13,14,21,1
"2014-07-29",11,12,2,11,9,8,7,11,19,21,0
"2014-07-30",15,8,7,20,5,11,5,15,29,15,0
"2014-07-31",13,8,9,19,5,10,7,11,25,15,0
"2014-08-01",17,11,8,21,5,10,5,15,23,22,0
"2014-08-04",10,9,7,19,4,8,5,11,24,13,1
"2014-08-05",9,8,7,10,4,10,3,16,18,22,0
"2014-08-06",14,9,7,14,4,12,4,14,24,23,1
"2014-08-07",6,6,1,10,3,5,3,8,18,12,0
"2014-08-08",7,11,3,14,8,8,6,12,15,15,1
"2014-08-11",11,10,7,19,5,10,3,14,22,22,1
"2014-08-12",9,9,5,15,5,8,3,13,16,20,0
"2014-08-13",6,8,3,14,7,7,9,15,15,22,1
"2014-08-14",12,14,2,18,8,8,5,23,18,35,1
"2014-08-15",14,4,5,19,4,6,2,13,23,14,0
"2014-08-18",14,13,6,19,10,12,10,14,25,22,1
"2014-08-19",15,9,8,21,7,14,7,19,27,20,1
"2014-08-20",8,8,4,12,6,10,5,7,20,17,1
"2014-08-21",21,16,10,29,8,17,11,18,36,20,1
"2014-08-22",15,9,5,21,6,9,5,12,27,21,0
"2014-08-25",9,11,3,21,5,13,4,8,26,22,1
"2014-08-26",15,9,6,17,5,10,3,12,26,21,1
"2014-08-27",16,7,8,20,6,7,4,19,28,20,1
"2014-08-28",14,13,7,20,4,12,2,17,31,17,0
"2014-08-29",13,8,3,22,2,9,2,15,25,16,1
"2014-09-02",13,14,5,23,9,10,4,20,27,29,0
"2014-09-03",12,8,2,8,5,4,3,14,19,13,1
"2014-09-04",15,10,3,18,3,7,3,11,23,20,0
"2014-09-05",14,6,5,18,5,9,7,16,24,19,1
"2014-09-08",11,16,10,20,11,8,10,18,26,28,0
"2014-09-09",10,10,4,14,3,10,5,12,18,18,0
"2014-09-10",11,15,3,20,6,11,8,16,27,17,1
"2014-09-11",15,12,6,17,9,10,9,13,25,21,0
"2014-09-12",19,18,10,25,11,11,7,20,31,34,0
"2014-09-15",5,11,4,13,8,7,8,11,10,20,1
"2014-09-16",12,8,6,19,5,13,6,19,20,22,1
"2014-09-17",14,11,5,14,5,6,7,15,20,24,1
"2014-09-18",13,16,6,18,8,9,6,13,21,20,1
"2014-09-19",12,12,6,13,8,12,5,13,19,15,1
"2014-09-22",12,10,6,20,7,10,7,14,21,23,0
"2014-09-23",7,12,3,8,4,5,1,8,18,18,0
"2014-09-24",7,8,4,10,7,5,4,13,14,14,1
"2014-09-25",9,6,5,13,3,5,4,17,15,24,0
"2014-09-26",9,7,3,8,8,6,3,14,14,23,1
"2014-09-29",15,10,7,20,6,12,8,10,22,18,0
"2014-09-30",8,10,3,16,6,10,5,14,22,28,0
"2014-10-01",13,10,6,19,12,9,8,18,26,30,0
"2014-10-02",15,13,6,16,11,11,2,23,27,26,0
"2014-10-03",10,7,2,18,4,11,7,12,19,12,1
"2014-10-06",7,6,4,18,9,8,4,14,23,18,0
"2014-10-07",16,12,8,21,8,14,4,23,26,25,0
"2014-10-08",14,9,5,21,3,8,4,16,25,22,1
"2014-10-09",9,8,6,17,5,8,6,16,18,23,0
"2014-10-10",14,7,7,19,5,16,5,9,29,20,0
"2014-10-13",11,13,6,12,9,7,4,16,20,25,0
"2014-10-14",12,6,3,20,3,14,8,12,22,15,0
"2014-10-15",12,13,8,18,8,16,4,15,23,21,0
"2014-10-16",14,14,4,21,10,11,4,19,24,27,0
"2014-10-17",16,15,8,18,4,7,8,13,21,19,1
"2014-10-20",11,9,4,17,6,10,4,21,20,29,1
"2014-10-21",15,8,6,22,6,10,2,10,27,17,1
"2014-10-22",13,17,6,20,10,11,11,11,21,26,0
"2014-10-23",14,12,2,19,10,7,3,19,22,22,1
"2014-10-24",14,13,10,24,7,11,6,17,30,17,1
"2014-10-27",9,8,3,15,3,9,2,11,20,14,1
"2014-10-28",10,17,8,13,9,7,5,18,22,26,1
"2014-10-29",10,10,1,13,5,5,4,16,15,25,0
"2014-10-30",10,3,4,11,3,8,2,9,16,13,1
"2014-10-31",12,10,4,17,8,5,4,16,20,27,1
"2014-11-03",6,13,3,13,4,4,3,13,15,21,0
"2014-11-04",7,9,4,12,6,5,4,17,18,25,1
"2014-11-05",11,7,7,14,4,10,6,12,20,21,1
"2014-11-06",18,11,8,17,4,9,2,17,25,19,1
"2014-11-07",11,10,5,17,4,8,5,17,21,23,1
"2014-11-10",12,4,3,14,5,8,5,21,16,19,1
"2014-11-11",12,11,5,16,4,7,6,11,24,17,1
"2014-11-12",8,13,3,19,9,7,4,17,18,23,0
"2014-11-13",13,10,8,17,5,12,3,14,19,19,1
"2014-11-14",9,13,4,15,6,8,3,17,25,22,0
"2014-11-17",14,7,8,19,8,10,5,13,24,21,1
"2014-11-18",16,5,7,18,3,9,5,9,31,15,1
"2014-11-19",10,6,8,13,6,9,6,16,19,21,0
"2014-11-20",17,12,10,15,2,9,2,11,28,13,1
"2014-11-21",12,11,7,14,4,9,7,15,26,24,1
"2014-11-24",10,6,3,19,5,8,4,11,21,17,1
"2014-11-25",21,8,9,22,2,15,8,14,31,22,0
"2014-11-26",10,11,3,16,7,8,6,16,24,25,1
"2014-11-28",11,14,2,10,10,9,4,19,24,23,1
"2014-12-01",10,11,7,14,6,13,5,17,24,17,0
"2014-12-02",10,14,10,18,6,10,7,14,26,19,1
"2014-12-03",11,12,7,14,8,11,6,25,24,34,1
"2014-12-04",12,11,11,19,3,14,5,13,31,20,0
"2014-12-05",15,11,10,21,5,12,3,20,25,21,1
"2014-12-08",12,12,5,19,9,12,5,23,23,23,0
"2014-12-09",12,7,7,17,5,13,7,16,24,18,0
"2014-12-10",21,18,9,26,7,13,9,19,31,17,0
"2014-12-11",11,8,5,19,7,11,3,16,20,29,1
"2014-12-12",13,12,8,16,11,8,3,16,21,21,0
"2014-12-15",16,18,5,19,13,8,8,19,27,29,0
"2014-12-16",9,10,4,13,4,5,2,15,21,20,0
"2014-12-17",17,13,8,22,2,15,9,11,36,11,1
"2014-12-18",17,10,8,24,7,13,6,16,30,23,1
"2014-12-19",16,15,10,23,12,16,7,24,28,31,1
"2014-12-22",15,15,7,19,6,11,4,18,26,23,1
"2014-12-23",10,12,4,20,7,8,3,25,22,29,1
"2014-12-24",7,9,3,9,7,7,4,19,16,26,1
"2014-12-26",13,15,4,14,7,6,4,20,18,25,1
"2014-12-29",7,8,1,7,5,7,3,12,17,17,0
"2014-12-30",16,12,8,19,3,10,6,14,27,20,0
"2014-12-31",10,7,5,8,5,6,2,8,14,12,0
"2015-01-02",16,12,8,19,11,15,7,15,20,28,1
"2015-01-05",10,12,4,20,6,16,2,13,22,23,0
"2015-01-06",12,11,6,14,7,8,7,18,19,27,0
"2015-01-07",13,10,9,22,7,9,5,11,24,22,1
"2015-01-08",16,6,6,21,5,12,5,14,26,22,1
"2015-01-09",15,9,6,18,3,9,2,17,24,17,0
"2015-01-12",16,9,7,19,6,11,4,10,24,24,0
"2015-01-13",6,8,3,9,6,3,4,12,11,16,0
"2015-01-14",12,4,10,14,5,10,2,13,22,18,0
"2015-01-15",8,6,9,11,3,7,3,11,16,22,0
"2015-01-16",12,10,2,13,7,5,6,15,19,26,1
"2015-01-20",8,11,4,17,8,4,6,21,19,25,1
"2015-01-21",9,9,4,14,5,8,3,12,23,22,1
"2015-01-22",15,16,6,19,9,10,5,20,27,28,1
"2015-01-23",13,11,7,16,6,10,5,14,19,21,0
"2015-01-26",13,7,4,17,4,10,5,11,26,15,1
"2015-01-27",16,5,6,21,5,8,2,13,21,20,0
"2015-01-28",11,13,8,14,11,6,6,17,21,26,0
"2015-01-29",10,11,4,20,6,10,3,15,21,22,1
"2015-01-30",9,10,3,14,4,5,2,18,16,22,0
"2015-02-02",18,12,8,23,8,11,4,25,24,41,1
"2015-02-03",7,11,6,15,7,7,5,9,18,18,1
"2015-02-04",18,8,5,18,4,11,5,11,22,14,1
"2015-02-05",10,12,1,13,6,6,2,14,20,21,1
"2015-02-06",12,9,5,20,3,8,6,12,24,20,0
"2015-02-09",13,7,7,21,4,11,4,16,17,12,0
"2015-02-10",15,9,5,20,6,11,4,19,33,21,1
"2015-02-11",8,7,6,20,3,11,3,10,16,15,0
"2015-02-12",15,10,7,18,7,9,5,16,23,18,1
"2015-02-13",16,12,9,19,2,9,3,16,30,18,1
"2015-02-17",16,13,9,25,5,20,7,14,29,25,1
"2015-02-18",17,14,11,27,8,20,2,18,34,22,0
"2015-02-19",13,14,2,17,9,3,4,16,20,27,0
"2015-02-20",16,16,7,26,6,17,4,19,35,24,1
"2015-02-23",10,9,3,15,5,9,5,18,22,24,0
"2015-02-24",8,12,2,10,7,2,6,18,17,24,1
"2015-02-25",17,10,7,24,10,10,3,19,32,25,1
"2015-02-26",16,16,7,23,8,16,6,19,29,20,0
"2015-02-27",11,6,5,14,3,10,2,10,25,17,0
"2015-03-02",15,11,6,19,5,10,7,15,26,20,1
"2015-03-03",11,12,6,10,9,10,6,19,21,23,0
"2015-03-04",12,5,6,17,2,13,0,9,23,16,0
"2015-03-05",20,8,7,25,6,13,3,26,27,30,1
"2015-03-06",18,12,6,31,5,20,5,17,35,23,0
"2015-03-09",13,11,7,22,5,13,1,14,27,20,1
"2015-03-10",17,12,12,20,7,17,6,18,28,25,0
"2015-03-11",11,5,2,10,4,6,4,12,21,20,0
"2015-03-12",9,10,9,22,8,8,6,20,20,26,1
"2015-03-13",9,14,6,15,7,10,5,20,16,27,0
"2015-03-16",13,14,3,19,10,9,5,19,33,26,1
"2015-03-17",8,13,1,13,8,6,4,21,13,33,0
"2015-03-18",8,12,6,13,11,10,2,22,19,30,1
"2015-03-19",9,12,5,9,10,6,5,24,17,28,0
"2015-03-20",12,11,7,16,10,9,6,17,23,26,1
"2015-03-23",11,5,6,17,4,13,1,15,20,19,0
"2015-03-24",11,10,5,16,6,5,2,17,20,24,0
"2015-03-25",11,14,6,16,6,8,5,7,19,22,0
"2015-03-26",11,10,1,16,5,7,6,14,19,19,0
"2015-03-27",15,12,9,19,7,12,5,21,24,29,1
"2015-03-30",16,6,8,23,3,13,4,12,31,19,1
"2015-03-31",15,9,6,21,3,11,5,13,30,25,0
"2015-04-01",11,12,4,18,8,10,6,20,18,24,0
"2015-04-02",21,9,8,22,6,16,8,22,33,20,1
"2015-04-06",12,6,5,17,5,11,4,19,25,26,1
"2015-04-07",18,16,9,31,10,17,7,19,30,21,0
"2015-04-08",14,13,6,22,6,14,8,18,31,24,1
"2015-04-09",9,8,4,16,7,10,4,15,21,14,1
"2015-04-10",10,12,2,16,7,6,4,18,17,27,1
"2015-04-13",8,12,5,14,4,7,7,19,18,24,0
"2015-04-14",17,10,6,18,6,15,2,17,29,20,1
"2015-04-15",10,8,5,15,6,7,1,14,21,26,1
"2015-04-16",11,11,1,13,5,6,4,16,18,22,0
"2015-04-17",11,13,3,16,5,6,5,15,16,22,0
"2015-04-20",14,8,7,21,8,9,6,14,28,23,1
"2015-04-21",11,8,9,15,3,9,4,16,26,21,0
"2015-04-22",12,7,7,20,2,10,5,19,18,19,1
"2015-04-23",14,19,9,22,11,11,9,19,25,30,1
"2015-04-24",7,10,4,11,8,10,2,24,15,26,1
"2015-04-27",16,9,9,20,5,16,4,17,31,20,0
"2015-04-28",11,9,3,14,5,6,3,19,14,24,1
"2015-04-29",12,13,4,13,4,8,6,14,21,27,0
"2015-04-30",9,11,4,18,6,12,1,11,18,20,0
"2015-05-01",10,9,4,16,3,10,7,12,25,19,1
"2015-05-04",14,14,4,23,6,12,7,12,26,25,1
"2015-05-05",6,10,5,18,7,8,5,19,24,24,0
"2015-05-06",10,15,6,15,8,10,5,12,15,27,0
"2015-05-07",7,9,4,14,7,8,3,17,16,21,1
"2015-05-08",9,7,2,10,4,4,2,8,18,10,1
"2015-05-11",13,17,3,21,10,7,5,17,23,34,0
"2015-05-12",12,8,1,18,3,7,7,17,21,17,0
"2015-05-13",12,12,2,22,7,7,13,19,21,29,0
"2015-05-14",15,12,5,23,5,11,5,16,29,20,1
"2015-05-15",18,13,6,23,7,14,9,16,31,20,1
"2015-05-18",22,12,14,22,2,18,7,10,36,23,1
"2015-05-19",15,11,10,16,7,14,4,13,24,24,1
"2015-05-20",12,14,11,15,9,10,2,17,25,29,0
"2015-05-21",8,8,3,14,8,8,3,17,17,23,1
"2015-05-22",10,21,4,17,10,11,2,24,23,31,0
"2015-05-26",14,20,6,22,12,10,10,17,26,25,0
"2015-05-27",12,14,7,20,8,12,3,14,22,28,1
"2015-05-28",9,13,7,19,10,8,7,26,24,29,0
"2015-05-29",10,12,5,16,7,7,4,17,17,38,0
"2015-06-01",13,7,5,17,3,9,2,19,28,18,1
"2015-06-02",10,17,2,14,10,8,4,19,22,22,0
"2015-06-03",10,13,6,13,8,11,5,14,22,26,1
"2015-06-04",8,9,8,15,2,6,3,14,21,18,0
"2015-06-05",14,12,3,18,6,9,6,20,17,23,0
"2015-06-08",15,12,9,16,8,14,5,13,23,22,0
"2015-06-09",19,7,6,23,4,10,4,14,30,19,0
"2015-06-10",11,15,4,11,9,8,6,24,28,25,1
"2015-06-11",10,16,9,14,6,14,4,16,25,26,1
"2015-06-12",12,13,7,24,12,11,7,14,26,26,0
"2015-06-15",19,10,4,21,7,9,3,16,24,20,0
"2015-06-16",12,12,7,15,7,11,4,13,28,23,1
"2015-06-17",15,11,11,16,7,12,5,14,25,19,1
"2015-06-18",11,12,9,16,7,8,3,18,24,29,1
"2015-06-19",14,13,5,20,5,8,9,15,24,26,0
"2015-06-22",12,13,7,19,9,9,6,18,26,33,1
"2015-06-23",19,12,8,26,6,12,10,18,30,31,1
"2015-06-24",3,13,2,6,6,1,4,10,9,22,0
"2015-06-25",5,17,6,9,12,5,9,19,18,25,0
"2015-06-26",7,5,3,12,3,4,6,10,14,15,1
"2015-06-29",8,14,8,15,6,10,5,8,23,15,0
"2015-06-30",10,10,6,12,5,5,5,15,18,17,1
"2015-07-01",14,11,7,18,6,12,4,19,30,19,1
"2015-07-02",16,18,11,27,6,11,10,19,38,34,0
"2015-07-06",13,14,5,21,8,13,10,16,29,18,0
"2015-07-07",16,10,12,18,9,14,5,10,28,23,1
"2015-07-08",12,10,4,15,10,9,3,18,20,23,0
"2015-07-09",12,6,2,13,4,6,3,10,22,14,1
"2015-07-10",11,11,6,14,9,11,8,13,22,23,1
"2015-07-13",15,4,5,17,2,11,4,15,27,19,1
"2015-07-14",9,15,10,18,8,5,4,17,22,24,1
"2015-07-15",11,9,7,13,11,8,10,14,18,24,0
"2015-07-16",9,12,7,19,7,7,8,23,27,27,1
"2015-07-17",16,16,5,25,12,15,9,17,30,30,0
"2015-07-20",6,12,6,14,6,8,4,18,19,19,1
"2015-07-21",9,14,11,23,5,13,5,17,31,31,0
"2015-07-22",11,13,6,17,7,12,4,21,22,25,0
"2015-07-23",9,11,8,18,6,14,6,18,21,26,0
"2015-07-24",17,7,8,20,7,10,7,15,26,19,0
"2015-07-27",16,8,8,25,6,13,6,15,33,24,0
"2015-07-28",9,9,8,18,6,10,3,9,25,18,1
"2015-07-29",10,13,8,16,10,8,6,22,22,29,1
"2015-07-30",11,13,12,20,7,11,4,21,23,26,0
"2015-07-31",13,15,11,17,8,11,9,17,21,26,0
"2015-08-03",8,10,8,15,6,9,1,11,22,18,0
"2015-08-04",16,11,8,24,8,13,7,22,26,24,0
"2015-08-05",20,17,10,23,10,10,10,19,31,28,0
"2015-08-06",20,11,11,25,10,19,7,27,33,30,0
"2015-08-07",15,10,14,25,5,16,5,15,33,25,0
"2015-08-10",8,11,4,13,8,7,4,12,18,23,1
"2015-08-11",10,7,3,17,4,13,4,14,25,22,0
"2015-08-12",9,12,3,14,14,11,3,23,19,31,0
"2015-08-13",9,13,7,20,10,7,10,17,26,27,1
"2015-08-14",9,7,5,13,3,6,4,8,21,16,1
"2015-08-17",14,14,9,28,10,13,13,14,32,20,1
"2015-08-18",13,10,6,16,3,11,2,12,24,20,0
"2015-08-19",8,13,3,14,8,6,9,16,24,30,0
"2015-08-20",11,12,5,29,6,14,6,17,35,27,0
"2015-08-21",8,8,7,16,5,11,5,12,24,27,0
"2015-08-24",13,5,6,17,3,9,3,8,21,16,0
"2015-08-25",11,7,2,15,5,7,2,18,22,20,0
"2015-08-26",11,16,7,14,11,14,5,13,24,23,1
"2015-08-27",11,9,6,12,2,7,5,16,25,17,1
"2015-08-28",15,7,8,25,4,10,4,14,31,20,0
"2015-08-31",19,16,12,26,12,14,9,19,37,33,0
"2015-09-01",11,14,4,13,8,10,2,18,19,25,0
"2015-09-02",10,9,4,12,5,8,5,14,22,19,1
"2015-09-03",9,9,9,16,5,15,2,17,29,25,1
"2015-09-04",7,4,5,13,4,9,3,10,24,14,0
"2015-09-08",15,13,6,20,9,10,4,15,23,17,1
"2015-09-09",8,11,1,15,4,7,2,15,17,22,0
"2015-09-10",14,9,10,19,3,14,5,16,31,19,1
"2015-09-11",15,13,9,19,9,13,1,16,24,29,1
"2015-09-14",14,13,6,18,11,10,7,15,24,23,0
"2015-09-15",12,9,5,16,7,11,7,10,22,22,1
"2015-09-16",9,12,5,12,10,10,4,22,26,26,1
"2015-09-17",13,17,6,16,9,12,6,22,24,31,0
"2015-09-18",6,13,4,15,5,6,4,11,15,20,0
"2015-09-21",15,8,8,16,2,11,5,13,24,15,1
"2015-09-22",8,9,3,14,8,8,2,16,21,27,0
"2015-09-23",17,9,12,23,2,18,6,10,30,23,0
"2015-09-24",13,6,8,20,4,12,5,6,27,14,0
"2015-09-25",8,10,6,9,2,9,3,7,15,13,1
"2015-09-28",7,14,7,12,8,8,6,11,20,16,0
"2015-09-29",13,14,2,16,7,9,6,27,25,34,1
"2015-09-30",19,13,10,20,4,19,5,12,28,20,1
"2015-10-01",5,2,5,11,2,7,1,6,17,16,0
"2015-10-02",18,11,10,21,6,12,8,14,28,15,1
"2015-10-05",12,8,6,16,4,8,5,17,24,25,1
"2015-10-06",11,10,7,19,7,9,4,16,20,19,1
"2015-10-07",7,11,3,11,3,6,3,16,14,21,1
"2015-10-08",12,11,9,15,5,9,7,9,22,18,1
"2015-10-09",16,10,7,19,4,11,4,12,25,23,1
"2015-10-12",14,7,5,19,7,8,4,15,24,22,1
"2015-10-13",17,8,8,25,3,19,4,12,34,19,0
"2015-10-14",13,17,4,26,8,11,5,15,26,31,0
"2015-10-15",12,9,9,22,6,13,7,17,28,27,1
"2015-10-16",9,9,5,11,5,8,5,17,19,24,1
"2015-10-19",23,6,9,23,6,11,6,13,32,18,1
"2015-10-20",13,11,4,18,6,8,5,21,25,18,0
"2015-10-21",14,10,7,17,11,11,4,17,27,28,0
"2015-10-22",16,19,6,18,10,16,9,19,28,27,1
"2015-10-23",13,11,7,16,5,15,3,17,23,23,1
"2015-10-26",14,6,2,24,3,7,6,9,29,17,0
"2015-10-27",14,15,3,22,9,15,3,23,30,19,0
"2015-10-28",11,7,9,21,5,12,2,16,30,27,1
"2015-10-29",13,14,11,17,11,14,6,26,33,26,0
"2015-10-30",16,9,11,18,8,16,5,16,27,24,0
"2015-11-02",10,10,5,14,5,10,2,15,20,19,1
"2015-11-03",18,15,5,16,7,12,6,13,26,35,1
"2015-11-04",12,9,7,18,4,10,5,13,26,18,0
"2015-11-05",8,14,4,17,10,12,8,16,18,28,0
"2015-11-06",15,11,10,26,9,20,6,28,34,31,1
"2015-11-09",11,10,3,18,9,11,8,16,29,15,0
"2015-11-10",16,14,12,24,7,19,6,18,35,19,1
"2015-11-11",6,15,7,15,9,15,6,20,25,24,0
"2015-11-12",11,14,9,21,11,14,6,20,29,32,0
"2015-11-13",10,8,5,15,5,11,6,14,24,14,0
"2015-11-16",12,4,4,14,2,10,3,13,17,13,1
"2015-11-17",7,12,4,14,7,7,3,21,18,19,1
"2015-11-18",14,7,6,21,7,11,6,12,26,18,1
"2015-11-19",14,9,4,18,5,9,5,11,23,14,0
"2015-11-20",20,8,7,26,4,15,6,13,30,22,1
"2015-11-23",11,12,5,19,8,16,6,21,26,22,0
"2015-11-24",13,7,3,19,6,8,4,14,22,17,1
"2015-11-25",11,3,4,15,2,10,3,8,17,14,1
"2015-11-27",11,9,4,14,2,7,3,16,18,16,0
"2015-11-30",5,12,5,12,8,7,4,12,19,22,0
"2015-12-01",6,9,2,15,8,9,2,15,20,28,1
"2015-12-02",6,6,3,11,7,3,2,12,16,20,0
"2015-12-03",18,15,6,24,11,13,8,26,25,27,0
"2015-12-04",11,9,7,17,7,12,4,20,19,24,1
"2015-12-07",7,10,5,15,6,9,5,15,18,24,0
"2015-12-08",11,11,7,21,5,12,7,23,24,26,0
"2015-12-09",12,20,7,23,12,13,7,23,26,32,0
"2015-12-10",15,10,9,20,8,14,6,18,26,28,1
"2015-12-11",9,8,6,13,6,9,3,18,22,25,0
"2015-12-14",11,7,4,18,4,13,7,11,20,16,1
"2015-12-15",11,14,5,15,5,11,4,17,29,22,1
"2015-12-16",14,14,8,17,6,14,5,20,26,26,1
"2015-12-17",11,8,9,15,3,8,3,8,20,8,0
"2015-12-18",6,13,3,8,8,6,3,11,17,14,0
"2015-12-21",7,13,4,15,9,13,5,15,23,21,1
"2015-12-22",9,7,5,18,1,10,3,10,21,11,1
"2015-12-23",17,9,6,22,4,14,1,15,29,21,1
"2015-12-24",15,16,8,21,7,11,7,18,24,24,0
"2015-12-28",12,8,9,11,7,5,5,17,25,25,0
"2015-12-29",9,6,5,14,5,5,3,8,19,12,1
"2015-12-30",15,10,9,20,6,13,3,12,26,13,0
"2015-12-31",9,10,4,11,3,7,5,9,19,15,0
"2016-01-04",14,6,4,16,4,10,6,9,25,16,0
"2016-01-05",16,15,10,26,6,21,5,26,35,29,1
"2016-01-06",14,5,5,19,2,14,7,9,26,17,0
"2016-01-07",14,10,9,28,6,11,6,14,31,24,0
"2016-01-08",10,15,9,17,3,10,8,15,23,23,0
"2016-01-11",9,11,0,13,9,6,4,14,14,19,1
"2016-01-12",7,5,1,15,4,10,3,11,17,13,1
"2016-01-13",12,10,5,18,9,12,6,19,20,22,0
"2016-01-14",12,13,4,24,6,9,9,15,27,24,1
"2016-01-15",10,4,5,12,4,9,5,6,17,14,0
"2016-01-19",13,12,9,16,9,12,7,19,20,30,1
"2016-01-20",5,12,3,11,6,9,4,11,16,22,0
"2016-01-21",9,9,6,15,8,10,6,18,20,20,1
"2016-01-22",16,13,5,20,5,13,10,15,32,17,1
"2016-01-25",15,8,5,22,3,10,5,16,30,13,0
"2016-01-26",13,13,8,20,8,14,5,16,23,21,1
"2016-01-27",14,7,11,17,2,10,5,8,26,14,0
"2016-01-28",10,8,6,17,7,11,7,10,21,23,1
"2016-01-29",15,9,5,17,7,14,0,14,27,21,1
"2016-02-01",9,6,5,15,5,9,5,17,17,25,0
"2016-02-02",10,11,2,16,6,6,7,14,20,21,0
"2016-02-03",14,8,6,11,6,11,5,16,23,22,1
"2016-02-04",12,6,9,20,6,12,3,19,26,26,1
"2016-02-05",9,20,8,18,10,11,5,19,23,21,0
"2016-02-08",10,8,1,12,4,4,3,8,17,13,0
"2016-02-09",9,12,8,16,7,14,5,17,26,22,0
"2016-02-10",12,8,3,15,4,11,1,9,19,17,0
"2016-02-11",7,10,4,13,4,10,2,16,18,21,0
"2016-02-12",7,11,1,13,4,5,3,15,16,17,1
"2016-02-16",12,16,4,17,10,12,9,16,23,24,1
"2016-02-17",12,11,9,20,10,10,9,15,26,17,1
"2016-02-18",8,12,8,17,9,9,7,14,26,22,0
"2016-02-19",11,6,4,13,6,11,7,10,20,15,0
"2016-02-22",10,13,6,18,7,8,5,10,20,18,1
"2016-02-23",10,11,6,16,9,13,6,12,22,23,0
"2016-02-24",16,12,7,21,6,9,6,10,26,28,1
"2016-02-25",14,8,5,18,5,18,6,12,27,18,1
"2016-02-26",10,8,7,17,4,11,4,12,27,16,0
"2016-02-29",14,13,10,26,5,17,9,15,36,21,0
"2016-03-01",18,15,6,23,10,11,5,17,24,17,1
"2016-03-02",11,8,6,9,5,9,5,11,20,17,1
"2016-03-03",13,10,5,19,8,11,6,14,24,17,1
"2016-03-04",12,13,6,19,7,11,5,11,25,21,1
"2016-03-07",8,9,1,11,4,7,5,10,24,18,1
"2016-03-08",6,12,3,15,7,3,5,17,17,23,0
"2016-03-09",9,9,4,10,6,8,1,14,18,16,1
"2016-03-10",17,8,9,21,4,18,6,12,34,16,0
"2016-03-11",7,6,5,14,5,8,9,12,17,23,1
"2016-03-14",10,6,7,17,8,9,7,16,20,21,1
"2016-03-15",15,13,7,20,4,10,8,14,21,21,1
"2016-03-16",5,8,2,10,10,8,5,20,16,20,1
"2016-03-17",9,7,4,10,6,8,4,15,16,15,1
"2016-03-18",18,13,10,27,7,17,7,19,35,27,1
"2016-03-21",17,7,5,15,5,13,2,7,25,20,1
"2016-03-22",14,5,6,19,4,11,5,12,29,14,0
"2016-03-23",12,10,8,24,3,15,9,10,22,12,0
"2016-03-24",14,7,5,20,5,12,8,10,22,19,1
"2016-03-28",15,11,3,18,4,11,7,24,24,28,1
"2016-03-29",10,14,5,9,5,8,2,21,18,19,1
"2016-03-30",16,13,10,26,8,15,10,14,30,26,1
"2016-03-31",16,18,5,25,10,8,6,21,28,23,0
"2016-04-01",16,7,6,17,2,12,3,16,25,22,1
"2016-04-04",8,9,5,9,4,9,4,19,19,29,0
"2016-04-05",7,10,3,9,5,8,6,18,19,14,0
"2016-04-06",7,5,4,11,3,8,2,12,16,12,1
"2016-04-07",11,11,4,12,11,8,4,20,18,19,0
"2016-04-08",10,9,4,22,4,10,4,15,29,17,1
"2016-04-11",12,6,3,19,4,11,3,18,25,21,0
"2016-04-12",8,14,6,13,9,7,3,16,20,22,1
"2016-04-13",9,11,5,18,8,9,7,17,24,24,1
"2016-04-14",9,8,3,15,7,4,3,12,23,19,1
"2016-04-15",13,8,5,15,8,9,3,19,22,19,0
"2016-04-18",11,9,6,18,5,8,2,13,25,27,1
"2016-04-19",13,11,8,16,5,10,9,14,28,21,1
"2016-04-20",7,6,3,11,6,6,4,11,15,18,1
"2016-04-21",4,11,1,10,7,4,2,17,12,22,0
"2016-04-22",14,8,4,22,6,10,5,13,20,19,1
"2016-04-25",5,11,7,12,6,6,5,21,17,28,0
"2016-04-26",10,11,6,10,7,7,5,13,19,17,1
"2016-04-27",10,11,5,20,8,12,3,19,24,25,1
"2016-04-28",11,11,3,20,7,11,6,18,24,18,0
"2016-04-29",7,4,5,11,7,10,4,15,18,21,0
"2016-05-02",10,8,9,19,5,13,2,12,29,14,1
"2016-05-03",12,16,6,14,10,8,6,20,17,21,0
"2016-05-04",18,6,11,23,4,16,5,16,23,14,0
"2016-05-05",8,15,4,18,6,8,7,18,22,27,1
"2016-05-06",12,8,7,12,4,8,8,15,20,19,1
"2016-05-09",11,12,5,15,4,10,7,18,22,24,0
"2016-05-10",15,10,8,25,7,11,9,18,30,21,1
"2016-05-11",11,9,6,15,6,8,4,19,20,23,0
"2016-05-12",10,10,7,17,7,6,6,19,17,22,1
"2016-05-13",10,11,9,17,13,12,4,20,29,28,0
"2016-05-16",20,9,9,30,3,20,9,14,34,13,1
"2016-05-17",19,9,11,19,4,11,6,15,27,24,0
"2016-05-18",7,17,3,11,12,6,8,24,13,28,0
"2016-05-19",19,9,14,19,7,10,7,20,26,22,0
"2016-05-20",13,9,3,17,7,8,1,16,23,19,1
"2016-05-23",17,6,6,19,6,10,4,16,27,22,0
"2016-05-24",17,11,6,22,3,11,6,20,31,21,1
"2016-05-25",12,7,11,18,5,10,2,17,25,23,1
"2016-05-26",9,15,9,17,6,11,7,11,26,23,0
"2016-05-27",19,6,11,23,3,14,0,12,36,19,1
"2016-05-31",15,11,8,19,12,11,6,21,26,34,0
"2016-06-01",20,11,12,21,6,15,5,14,26,20,1
"2016-06-02",16,9,9,18,9,7,4,13,28,20,1
"2016-06-03",15,13,6,24,11,13,9,18,24,28,0
"2016-06-06",14,15,7,17,11,10,5,20,22,26,1
"2016-06-07",12,7,7,18,6,10,7,17,25,31,1
"2016-06-08",14,12,8,20,9,12,3,14,29,26,1
"2016-06-09",8,10,8,18,8,10,6,17,21,27,0
"2016-06-10",13,11,6,20,6,11,5,15,25,28,0
"2016-06-13",14,13,6,22,10,11,7,17,28,22,0
"2016-06-14",19,12,7,15,5,5,5,18,22,21,0
"2016-06-15",11,4,7,20,3,12,1,11,28,18,0
"2016-06-16",11,9,3,16,3,11,4,13,23,20,1
"2016-06-17",9,13,5,17,10,12,7,12,19,19,0
"2016-06-20",12,14,6,18,9,16,8,17,23,26,1
"2016-06-21",9,11,2,15,8,14,3,10,20,20,1
"2016-06-22",10,19,5,19,5,11,9,15,24,24,0
"2016-06-23",8,11,8,23,5,8,4,20,22,29,1
"2016-06-24",8,9,5,9,4,9,3,16,14,13,0
"2016-06-27",9,14,5,10,10,8,5,19,14,26,0
"2016-06-28",11,6,3,9,9,8,4,21,19,24,1
"2016-06-29",17,12,7,25,10,17,6,13,27,21,1
"2016-06-30",11,14,8,23,6,14,5,13,26,12,1
"2016-07-01",13,12,7,22,7,11,8,15,30,16,1
